iter	RMSEWithUncertainty
0	4.049825979
1	4.008853015
2	3.975246262
3	3.942553039
4	3.908737786
5	3.872162273
6	3.836283957
7	3.808513089
8	3.780084637
9	3.744893992
10	3.718437645
11	3.686351046
12	3.659424296
13	3.633339609
14	3.606734265
15	3.578265682
16	3.551188462
17	3.514350987
18	3.488422562
19	3.46180212
20	3.435129072
21	3.411895724
22	3.386513621
23	3.353640173
24	3.327471291
25	3.304247953
26	3.279084939
27	3.251127498
28	3.225857864
29	3.197549981
30	3.173970871
31	3.146144661
32	3.119635704
33	3.090606127
34	3.062431691
35	3.036553954
36	3.001525507
37	2.976660915
38	2.945745501
39	2.916783613
40	2.891252372
41	2.866986728
42	2.844128882
43	2.821589254
44	2.7907315
45	2.764514145
46	2.735368377
47	2.710194353
48	2.684567079
49	2.654899034
50	2.632303614
51	2.609145368
52	2.585050563
53	2.558266161
54	2.537697919
55	2.513888813
56	2.493211784
57	2.47377882
58	2.454125953
59	2.428276478
60	2.404798282
61	2.382876724
62	2.361114718
63	2.328768047
64	2.310377649
65	2.290079105
66	2.272162418
67	2.24965757
68	2.229292149
69	2.206884505
70	2.194235411
71	2.176440234
72	2.16200151
73	2.1452806
74	2.129837416
75	2.11211805
76	2.09941976
77	2.085154308
78	2.072959603
79	2.057947455
80	2.04441523
81	2.033479963
82	2.030807713
83	2.014492432
84	2.002087824
85	1.98569954
86	1.977683737
87	1.966416808
88	1.953074511
89	1.943181057
90	1.93275559
91	1.926303608
92	1.916353835
93	1.903514751
94	1.8942608
95	1.882707395
96	1.870940529
97	1.860328447
98	1.848717515
99	1.842731191
100	1.835534954
101	1.813502676
102	1.803871756
103	1.793960292
104	1.78525063
105	1.778753999
106	1.773194489
107	1.765230852
108	1.761444228
109	1.753418285
110	1.747403433
111	1.734958026
112	1.730920154
113	1.72120845
114	1.710282534
115	1.698177492
116	1.693939436
117	1.683359211
118	1.670932021
119	1.663564959
120	1.651026471
121	1.642619838
122	1.634373269
123	1.629258455
124	1.621524889
125	1.612946407
126	1.608358162
127	1.598651582
128	1.588487943
129	1.579684262
130	1.573536396
131	1.564682792
132	1.556720003
133	1.549734838
134	1.540935633
135	1.537333194
136	1.530960812
137	1.522860925
138	1.517853619
139	1.512788054
140	1.505348848
141	1.499587032
142	1.494811298
143	1.494976612
144	1.493298073
145	1.491073947
146	1.485119114
147	1.482393031
148	1.480603739
149	1.478720269
150	1.47811149
151	1.472187776
152	1.470267011
153	1.466772953
154	1.465258473
155	1.463745117
156	1.467382855
157	1.464816051
158	1.459364934
159	1.459764994
160	1.457265607
161	1.454325176
162	1.452086336
163	1.449395642
164	1.448169761
165	1.447376582
166	1.444188799
167	1.442784414
168	1.440656545
169	1.440229307
170	1.441558309
171	1.439980687
172	1.439736871
173	1.43873528
174	1.43706953
175	1.436178204
176	1.435984524
177	1.43306598
178	1.432794053
179	1.43130014
180	1.430326974
181	1.430227368
182	1.429763535
183	1.431505517
184	1.43339836
185	1.433469769
186	1.433211522
187	1.433906701
188	1.43184214
189	1.432905286
190	1.434906815
191	1.432853163
192	1.432677612
193	1.432738648
194	1.432803859
195	1.433282568
196	1.435714881
197	1.431646149
198	1.429845627
199	1.431469226
200	1.431959
201	1.432583662
202	1.428515553
203	1.427167205
204	1.428722432
205	1.426599603
206	1.424898801
207	1.422857598
208	1.421229431
209	1.419245658
210	1.417509802
211	1.41595564
212	1.414016551
213	1.414367644
214	1.414852777
215	1.411019378
216	1.412250943
217	1.410642828
218	1.412079428
219	1.410084181
220	1.408174971
221	1.4063419
222	1.404402216
223	1.40345306
224	1.402522016
225	1.400785827
226	1.399895126
227	1.400565954
228	1.399639865
229	1.398130358
230	1.399775204
231	1.39876678
232	1.399903357
233	1.398837322
234	1.400386413
235	1.398607556
236	1.39658524
237	1.397074555
238	1.395519433
239	1.392721078
240	1.390015454
241	1.3888948
242	1.389968097
243	1.388804324
244	1.387400572
245	1.385209751
246	1.385639334
247	1.38415354
248	1.381511553
249	1.380416473
250	1.378321631
251	1.376697262
252	1.374634121
253	1.372886204
254	1.373365708
255	1.372061853
256	1.370357368
257	1.368435873
258	1.366472419
259	1.364696307
260	1.362996794
261	1.361340149
262	1.361135141
263	1.36100221
264	1.361012501
265	1.35918427
266	1.357656182
267	1.356828865
268	1.3555479
269	1.35381037
270	1.352552978
271	1.351374776
272	1.350102012
273	1.350129474
274	1.350279461
275	1.350151721
276	1.349458058
277	1.349682228
278	1.348876933
279	1.348384015
280	1.347852494
281	1.344910876
282	1.344643843
283	1.344337099
284	1.34166458
285	1.341475976
286	1.341846241
287	1.340856405
288	1.340799695
289	1.340217114
290	1.340579558
291	1.340031079
292	1.33769734
293	1.338763997
294	1.336309152
295	1.336993803
296	1.338422949
297	1.338966614
298	1.339947312
299	1.339561784
300	1.339270047
301	1.339557774
302	1.340212982
303	1.341622167
304	1.342511983
305	1.342285747
306	1.342628472
307	1.343490417
308	1.343765206
309	1.344086368
310	1.345857003
311	1.346234319
312	1.347994646
313	1.3487445
314	1.348575912
315	1.348613146
316	1.348987013
317	1.349962808
318	1.349614802
319	1.350497304
320	1.351811708
321	1.353431183
322	1.355025862
323	1.355870758
324	1.357410308
325	1.357656983
326	1.359176965
327	1.359355296
328	1.360836901
329	1.361979694
330	1.361130723
331	1.361240366
332	1.362354245
333	1.363746175
334	1.359702805
335	1.361164492
336	1.362296934
337	1.362248178
338	1.362872278
339	1.363987377
340	1.364571496
341	1.364694114
342	1.364629818
343	1.365006363
344	1.36555474
345	1.366580247
346	1.36424345
347	1.364614703
348	1.365660607
349	1.363373424
350	1.363858885
351	1.364439876
352	1.35838568
353	1.358994943
354	1.359368407
355	1.357290436
356	1.357899144
357	1.358509324
358	1.358718221
359	1.359850002
360	1.360427388
361	1.353372809
362	1.351965006
363	1.352688753
364	1.35308896
365	1.353954755
366	1.354283187
367	1.350982291
368	1.351741095
369	1.352734512
370	1.347016982
371	1.343461037
372	1.343691325
373	1.340750871
374	1.342012689
375	1.342314003
376	1.34356902
377	1.337183722
378	1.33393489
379	1.335294902
380	1.336725317
381	1.337677879
382	1.331545131
383	1.332050179
384	1.333590682
385	1.327501125
386	1.328630175
387	1.325591292
388	1.327119799
389	1.328648987
390	1.329242743
391	1.323267673
392	1.324739202
393	1.326214982
394	1.327690518
395	1.329161894
396	1.330544621
397	1.327350078
398	1.328837191
399	1.32971744
400	1.329051104
401	1.328444252
402	1.326849035
403	1.328373488
404	1.329888718
405	1.3317443
406	1.330515076
407	1.327389889
408	1.329078618
409	1.330588103
410	1.332084104
411	1.333564022
412	1.327219935
413	1.328718005
414	1.330612408
415	1.329416138
416	1.326328661
417	1.328302669
418	1.32996763
419	1.328844646
420	1.330784443
421	1.332705131
422	1.330630839
423	1.32951629
424	1.331150713
425	1.332568792
426	1.334431862
427	1.335693594
428	1.336941252
429	1.338243212
430	1.339538833
431	1.34082534
432	1.342100307
433	1.342681755
434	1.343905257
435	1.34503513
436	1.346771839
437	1.343066984
438	1.344227347
439	1.343619767
440	1.342286678
441	1.343462148
442	1.342170072
443	1.343337344
444	1.344113536
445	1.344890896
446	1.345296672
447	1.346386868
448	1.345669294
449	1.341943141
450	1.343107801
451	1.34211512
452	1.34290483
453	1.343348569
454	1.344825856
455	1.345901156
456	1.344847322
457	1.346307194
458	1.347339772
459	1.345879341
460	1.34691631
461	1.34588016
462	1.346870225
463	1.34751232
464	1.347879561
465	1.349250458
466	1.350202968
467	1.34864958
468	1.350010378
469	1.350906352
470	1.351811449
471	1.35021363
472	1.351085294
473	1.35128424
474	1.352567858
475	1.3540169
476	1.354841121
477	1.350796841
478	1.351320621
479	1.351533144
480	1.353013562
481	1.353210767
482	1.35162936
483	1.352481351
484	1.352963153
485	1.354087625
486	1.355499762
487	1.356583163
488	1.356947803
489	1.358298765
490	1.358388894
491	1.359552523
492	1.360846557
493	1.361819087
494	1.362417375
495	1.358180449
496	1.358900782
497	1.351889251
498	1.348041755
499	1.348951882
500	1.350179578
501	1.351052336
502	1.351400839
503	1.352502172
504	1.353958301
505	1.354802121
506	1.347990916
507	1.349550268
508	1.345792913
509	1.34675765
510	1.34779259
511	1.341240605
512	1.34231863
513	1.341384938
514	1.337870098
515	1.339012545
516	1.34022078
517	1.333910069
518	1.335149275
519	1.33637469
520	1.336985707
521	1.333557969
522	1.334805729
523	1.336111852
524	1.331266718
525	1.328435006
526	1.32716449
527	1.32813009
528	1.325432417
529	1.322436859
530	1.323330116
531	1.325225568
532	1.326853647
533	1.327711115
534	1.329557989
535	1.331387303
536	1.332612398
537	1.32978031
538	1.331069106
539	1.330041372
540	1.331342343
541	1.332641708
542	1.331985508
543	1.33332499
544	1.334669799
545	1.336015803
546	1.33735932
547	1.338028677
548	1.339235011
549	1.340400978
550	1.341939934
551	1.340608221
552	1.341740265
553	1.343258851
554	1.341918104
555	1.343015511
556	1.344105462
557	1.345190984
558	1.34561299
559	1.347088424
560	1.348545392
561	1.350071223
562	1.350659766
563	1.350907806
564	1.351785249
565	1.352053979
566	1.348086052
567	1.349039283
568	1.34941631
569	1.350797205
570	1.352258895
571	1.35279736
572	1.35305114
573	1.349083538
574	1.349985194
575	1.350585238
576	1.350898315
577	1.351770524
578	1.350945651
579	1.352259613
580	1.348288438
581	1.349201627
582	1.348460574
583	1.349392845
584	1.350734703
585	1.351033206
586	1.352355152
587	1.353177619
588	1.352321423
589	1.348339109
590	1.349243857
591	1.350201167
592	1.351067868
593	1.351924324
594	1.345174126
595	1.341422149
596	1.337840217
597	1.338950006
598	1.340131142
599	1.341318919
600	1.334945449
601	1.336143182
602	1.337329519
603	1.337882815
604	1.339032517
605	1.334123799
606	1.330712744
607	1.331993309
608	1.331681425
609	1.328767728
610	1.330088774
611	1.330891307
612	1.332172405
613	1.333527123
614	1.33488539
615	1.330116815
616	1.331428452
617	1.332728549
618	1.326665385
619	1.323430393
620	1.324214681
621	1.321113572
622	1.323009391
623	1.319979439
624	1.319018099
625	1.316498763
626	1.315676919
627	1.31749703
628	1.319186775
629	1.320874638
630	1.322556595
631	1.324229083
632	1.32413394
633	1.3259527
634	1.32776063
635	1.32955463
636	1.330918548
637	1.329850111
638	1.331216246
639	1.332943651
640	1.331848606
641	1.333171107
642	1.332102413
643	1.33342401
644	1.334789364
645	1.335772202
646	1.336458275
647	1.338033282
648	1.339595226
649	1.335958364
650	1.337185948
651	1.338713184
652	1.34027373
653	1.341939115
654	1.343502068
655	1.344561768
656	1.343142266
657	1.344213169
658	1.345309912
659	1.345768071
660	1.34724054
661	1.34874332
662	1.349127412
663	1.350590227
664	1.350961478
665	1.34942869
666	1.350323414
667	1.350902103
668	1.350076812
669	1.350976046
670	1.351314009
671	1.352645565
672	1.353793072
673	1.355137091
674	1.35540744
675	1.351344908
676	1.352748976
677	1.353660733
678	1.354006805
679	1.355352467
680	1.356201788
681	1.357498098
682	1.358311166
683	1.359462499
684	1.359689466
685	1.358719513
686	1.359374641
687	1.358426498
688	1.358696865
689	1.357778645
690	1.356897614
691	1.353397872
692	1.354556455
693	1.35581788
694	1.357125503
695	1.358209236
696	1.359464861
697	1.36021192
698	1.360453161
699	1.356361099
700	1.352911637
701	1.354207256
702	1.354981002
703	1.356113287
704	1.357407587
705	1.358213712
706	1.358491947
707	1.354475986
708	1.35580113
709	1.356662055
710	1.349958155
711	1.35085644
712	1.351240517
713	1.347462868
714	1.348406384
715	1.349065299
716	1.342626456
717	1.343695268
718	1.340074126
719	1.341198453
720	1.342384369
721	1.341816716
722	1.342925726
723	1.336666475
724	1.333207213
725	1.334489291
726	1.335814783
727	1.336437726
728	1.333005254
729	1.334293547
730	1.335647832
731	1.329590225
732	1.330246767
733	1.326990348
734	1.325832098
735	1.323083637
736	1.320434943
737	1.321428268
738	1.322972309
739	1.32002271
740	1.321962891
741	1.321516438
742	1.320614948
743	1.322571952
744	1.324556572
745	1.323599107
746	1.325578882
747	1.322575008
748	1.324522081
749	1.325775884
750	1.327722693
751	1.32911238
752	1.328024648
753	1.329482918
754	1.330945153
755	1.332407357
756	1.333865957
757	1.335317776
758	1.336760011
759	1.33637746
760	1.337617984
761	1.339146008
762	1.340370123
763	1.34184721
764	1.343004066
765	1.341644994
766	1.34280253
767	1.343951672
768	1.342573715
769	1.344014414
770	1.345129032
771	1.343740289
772	1.344862689
773	1.345955986
774	1.346714029
775	1.347128238
776	1.348411113
777	1.347226076
778	1.348255099
779	1.34967096
780	1.35067107
781	1.350995352
782	1.352359134
783	1.353203474
784	1.354495131
785	1.355788492
786	1.356035404
787	1.357121931
788	1.358357235
789	1.357423214
790	1.353254354
791	1.354119604
792	1.35502234
793	1.355306972
794	1.356533556
795	1.357779401
796	1.358548283
797	1.354387347
798	1.355215481
799	1.3543819
800	1.355623224
801	1.356437461
802	1.356943225
803	1.357152457
804	1.355428689
805	1.355959112
806	1.356754237
807	1.357974809
808	1.357050536
809	1.358267667
810	1.351413099
811	1.347473093
812	1.348436722
813	1.349449058
814	1.348651048
815	1.349612167
816	1.348074926
817	1.348795907
818	1.342286069
819	1.343382319
820	1.344468875
821	1.344762517
822	1.340968147
823	1.342089168
824	1.341467337
825	1.336581576
826	1.333465014
827	1.334719681
828	1.335967985
829	1.337224914
830	1.337820813
831	1.339020891
832	1.33420846
833	1.330751566
834	1.332079637
835	1.331725226
836	1.328744238
837	1.330112949
838	1.331514567
839	1.332923712
840	1.326917337
841	1.328356693
842	1.3297843
843	1.329008246
844	1.325625625
845	1.327096952
846	1.327851898
847	1.324950964
848	1.326424434
849	1.327943296
850	1.32201908
851	1.318878528
852	1.319783718
853	1.316763979
854	1.317801217
855	1.319542594
856	1.320564548
857	1.322479561
858	1.323989856
859	1.323447236
860	1.325322543
861	1.326787592
862	1.328682913
863	1.330569323
864	1.331953427
865	1.33083289
866	1.332249078
867	1.333920512
868	1.33524201
869	1.336955851
870	1.338666332
871	1.339937663
872	1.340544967
873	1.342181632
874	1.342776017
875	1.339004202
876	1.340287901
877	1.341482012
878	1.342112721
879	1.343646594
880	1.345200686
881	1.345746867
882	1.344314969
883	1.345106074
884	1.345909599
885	1.346433246
886	1.347472247
887	1.348508199
888	1.349938638
889	1.350377192
890	1.351717504
891	1.353072378
892	1.34899914
893	1.349966792
894	1.35042756
895	1.35168879
896	1.353041332
897	1.352277468
898	1.353564069
899	1.349529113
900	1.350441052
901	1.351089612
902	1.351517494
903	1.352424845
904	1.351662296
905	1.352950548
906	1.348898924
907	1.349831203
908	1.350505573
909	1.34388087
910	1.344944463
911	1.344235455
912	1.345296971
913	1.341415952
914	1.342585704
915	1.336257918
916	1.337490382
917	1.338711619
918	1.339155874
919	1.335474195
920	1.336719214
921	1.337352511
922	1.338574676
923	1.33492374
924	1.336229271
925	1.330103184
926	1.326741347
927	1.328152998
928	1.329611199
929	1.330429573
930	1.331786805
931	1.325804537
932	1.32726916
933	1.323940252
934	1.323764976
935	1.325265631
936	1.322404532
937	1.323993125
938	1.32477804
939	1.326280521
940	1.322986199
941	1.323862738
942	1.323307039
943	1.325134568
944	1.326614649
945	1.328480267
946	1.330215922
947	1.329147108
948	1.330542381
949	1.332241289
950	1.334008917
951	1.335274193
952	1.336558602
953	1.338223936
954	1.334503004
955	1.335801985
956	1.337109158
957	1.338370281
958	1.338960148
959	1.340052843
960	1.338734584
961	1.340239498
962	1.34140216
963	1.342954623
964	1.344481001
965	1.34558667
966	1.346052294
967	1.34751489
968	1.347962257
969	1.348953564
970	1.350319871
971	1.346282039
972	1.347361828
973	1.347833799
974	1.348823919
975	1.349268094
976	1.350621889
977	1.351969831
978	1.352568363
979	1.352918255
980	1.354216901
981	1.354560022
982	1.352878423
983	1.353700337
984	1.35276207
985	1.353117156
986	1.352343072
987	1.353625885
988	1.354433813
989	1.35351675
990	1.351632631
991	1.352948975
992	1.354161404
993	1.355428489
994	1.354518499
995	1.355299695
996	1.35440086
997	1.355573873
998	1.356818719
999	1.357622199
1000	1.357789385
1001	1.355849159
1002	1.357067458
1003	1.352996335
1004	1.353784711
1005	1.35466337
1006	1.355553227
1007	1.356329422
1008	1.355355454
1009	1.35571013
1010	1.354891494
1011	1.350860151
1012	1.351732757
1013	1.35234838
1014	1.345781365
1015	1.346785866
1016	1.345663466
1017	1.341893546
1018	1.342970069
1019	1.344109211
1020	1.337822006
1021	1.339003142
1022	1.33539411
1023	1.336625059
1024	1.336140563
1025	1.332636947
1026	1.333919379
1027	1.335241301
1028	1.329226199
1029	1.330598259
1030	1.330255273
1031	1.326886995
1032	1.328302467
1033	1.329746969
1034	1.32389156
1035	1.321094228
1036	1.321947345
1037	1.318843566
1038	1.317877583
1039	1.31529652
1040	1.316408952
1041	1.313886137
1042	1.315643324
1043	1.314863228
1044	1.316972861
1045	1.319058553
1046	1.321019573
1047	1.318384924
1048	1.318129204
1049	1.320207801
1050	1.322171493
1051	1.323278395
1052	1.32234106
1053	1.323912302
1054	1.325488003
1055	1.327063964
1056	1.328636422
1057	1.330202032
1058	1.331757835
1059	1.333363736
1060	1.334958603
1061	1.336539756
1062	1.338104868
1063	1.339327283
1064	1.337994213
1065	1.339536938
1066	1.34073373
1067	1.339389722
1068	1.34060022
1069	1.34207507
1070	1.340717758
1071	1.341896794
1072	1.343458482
1073	1.344870014
1074	1.345960351
1075	1.342028906
1076	1.343396034
1077	1.344915605
1078	1.346002915
1079	1.347460098
1080	1.348864229
1081	1.349858076
1082	1.350862825
1083	1.351176438
1084	1.35213831
1085	1.352440684
1086	1.34830752
1087	1.349004791
1088	1.350377081
1089	1.350747009
1090	1.35141005
1091	1.35236261
1092	1.352652189
1093	1.350978197
1094	1.35164392
1095	1.352003421
1096	1.35329217
1097	1.354199268
1098	1.35544584
1099	1.355759507
1100	1.356973539
1101	1.356103841
1102	1.357225371
1103	1.358404508
1104	1.358679177
1105	1.354467222
1106	1.355291349
1107	1.354482998
1108	1.355690207
1109	1.356881003
1110	1.357663182
1111	1.355925761
1112	1.356439268
1113	1.356973364
1114	1.356088801
1115	1.357274133
1116	1.357530986
1117	1.35830913
1118	1.359100676
1119	1.354834945
1120	1.356051797
1121	1.355219809
1122	1.35640093
1123	1.35719755
1124	1.358333286
1125	1.358818296
1126	1.351997148
1127	1.347946301
1128	1.348894603
1129	1.349130263
1130	1.350052297
1131	1.35041687
1132	1.346468707
1133	1.34743983
1134	1.348455935
1135	1.342027348
1136	1.34311492
1137	1.34419551
1138	1.344512659
1139	1.340713907
1140	1.341843168
1141	1.342982836
1142	1.336722867
1143	1.333156765
1144	1.334422181
1145	1.335727988
1146	1.336267231
1147	1.337480677
1148	1.331398106
1149	1.327980645
1150	1.329360828
1151	1.330779259
1152	1.331435739
1153	1.332760013
1154	1.329293554
1155	1.330663342
1156	1.33208175
1157	1.327484444
1158	1.328900102
1159	1.32857717
1160	1.325237504
1161	1.326694602
1162	1.328206508
1163	1.322362704
1164	1.321240147
1165	1.318479843
1166	1.320169821
1167	1.321860632
1168	1.316206219
1169	1.315262522
1170	1.312311569
1171	1.3094827
1172	1.311386032
1173	1.310639476
1174	1.312551519
1175	1.307149374
1176	1.304469174
1177	1.306607244
1178	1.304269891
1179	1.303736964
1180	1.305784404
1181	1.307810436
1182	1.309829295
1183	1.311836964
1184	1.306394874
1185	1.308520545
1186	1.307864516
1187	1.309995873
1188	1.307218572
1189	1.306648884
1190	1.304011698
1191	1.306256309
1192	1.308267827
1193	1.307709187
1194	1.309727923
1195	1.311736441
1196	1.313731136
1197	1.315708839
1198	1.315886855
1199	1.317856351
1200	1.319809035
1201	1.32174186
1202	1.320768586
1203	1.322214151
1204	1.324102249
1205	1.32596713
1206	1.327531756
1207	1.328810741
1208	1.330698925
1209	1.33218664
1210	1.333669347
1211	1.332539117
1212	1.334339362
1213	1.335451449
1214	1.336328558
1215	1.337681345
1216	1.33730874
1217	1.33360662
1218	1.335027866
1219	1.334730179
1220	1.333581388
1221	1.334701574
1222	1.335827761
1223	1.337527523
1224	1.338311452
1225	1.339958933
1226	1.34124588
1227	1.340216521
1228	1.341205127
1229	1.334741088
1230	1.336099639
1231	1.337449697
1232	1.33686667
1233	1.333136923
1234	1.33455263
1235	1.334225288
1236	1.333049932
1237	1.334434751
1238	1.333944047
1239	1.333143464
1240	1.334518777
1241	1.329733806
1242	1.331180786
1243	1.332613256
1244	1.332170933
1245	1.328608468
1246	1.330082253
1247	1.330770374
1248	1.33221149
1249	1.326035995
1250	1.322708484
1251	1.319865233
1252	1.321491775
1253	1.323130779
1254	1.324772997
1255	1.318953982
1256	1.319902173
1257	1.321548411
1258	1.31833128
1259	1.320010459
1260	1.321674834
1261	1.323341269
1262	1.324311876
1263	1.326090044
1264	1.322723396
1265	1.324345849
1266	1.321047477
1267	1.322712397
1268	1.324368628
1269	1.325352166
1270	1.327258134
1271	1.328808797
1272	1.327753445
1273	1.328694382
1274	1.3303846
1275	1.332198967
1276	1.333589448
1277	1.33499236
1278	1.336695223
1279	1.337444087
1280	1.333722579
1281	1.335068769
1282	1.33642625
1283	1.337206541
1284	1.338861315
1285	1.339382809
1286	1.340952155
1287	1.342533798
1288	1.3432271
1289	1.344735699
1290	1.345811043
1291	1.34522336
1292	1.341323992
1293	1.342509738
1294	1.344023493
1295	1.344886237
1296	1.34597816
1297	1.34628976
1298	1.342349943
1299	1.343517771
1300	1.342981352
1301	1.344435303
1302	1.345893499
1303	1.347346473
1304	1.347842341
1305	1.346352578
1306	1.347381165
1307	1.348155152
1308	1.348449968
1309	1.349437509
1310	1.3428523
1311	1.34398144
1312	1.344359695
1313	1.340538147
1314	1.34169777
1315	1.342866752
1316	1.336545499
1317	1.337813841
1318	1.338336974
1319	1.334708498
1320	1.335997083
1321	1.33729573
1322	1.331176537
1323	1.332561991
1324	1.333935696
1325	1.33451042
1326	1.330961355
1327	1.332349315
1328	1.332066662
1329	1.328972648
1330	1.330415079
1331	1.331833675
1332	1.327222433
1333	1.323914762
1334	1.325433448
1335	1.326974945
1336	1.327896665
1337	1.329355935
1338	1.330110357
1339	1.32673079
1340	1.328224744
1341	1.325251513
1342	1.326821315
1343	1.320990969
1344	1.321961542
1345	1.318844295
1346	1.319939634
1347	1.319052005
1348	1.318616388
1349	1.320544592
1350	1.320104486
1351	1.319247144
1352	1.321298216
1353	1.323195987
1354	1.325176456
1355	1.32701225
1356	1.328425489
1357	1.32511882
1358	1.326616699
1359	1.328523353
1360	1.329935933
1361	1.331376754
1362	1.332763044
1363	1.334156152
1364	1.335551991
1365	1.336323841
1366	1.337509257
1367	1.333843803
1368	1.335216705
1369	1.334031064
1370	1.335419888
1371	1.33680897
1372	1.338295471
1373	1.339585457
1374	1.34101532
1375	1.342432598
1376	1.341017888
1377	1.34222896
1378	1.343623293
1379	1.344502121
1380	1.345959005
1381	1.347387673
1382	1.348450195
1383	1.346883215
1384	1.347943134
1385	1.348450318
1386	1.349816574
1387	1.350308363
1388	1.351637611
1389	1.352305588
1390	1.353276423
1391	1.354188464
1392	1.353367332
1393	1.354610386
1394	1.355835002
1395	1.356163857
1396	1.351926831
1397	1.352860515
1398	1.352094792
1399	1.353361534
1400	1.354609688
1401	1.355459809
1402	1.356365078
1403	1.352147441
1404	1.353067096
1405	1.353964703
1406	1.354344322
1407	1.355571137
1408	1.356494287
1409	1.357661994
1410	1.358453534
1411	1.357550326
1412	1.355800352
1413	1.354818281
1414	1.35567304
1415	1.354694957
1416	1.35590958
1417	1.357048085
1418	1.35821185
1419	1.358697139
1420	1.358941592
1421	1.360065754
1422	1.360104433
1423	1.360548693
1424	1.360727453
1425	1.353910046
1426	1.355161653
1427	1.354207813
1428	1.350143917
1429	1.351056745
1430	1.351999592
1431	1.345514793
1432	1.346552532
1433	1.345421648
1434	1.341627388
1435	1.34273728
1436	1.343857347
1437	1.344943725
1438	1.338679609
1439	1.335049124
1440	1.336315796
1441	1.335819562
1442	1.332664948
1443	1.333976794
1444	1.335278107
1445	1.335942688
1446	1.337209224
1447	1.333598702
1448	1.334943346
1449	1.330316093
1450	1.331680151
1451	1.328264642
1452	1.32973386
1453	1.331122838
1454	1.325254672
1455	1.326749256
1456	1.327490953
1457	1.324185188
1458	1.325689869
1459	1.327219292
1460	1.32810715
1461	1.329555366
1462	1.323711103
1463	1.32049867
1464	1.32144017
1465	1.318678092
1466	1.317752012
1467	1.315122048
1468	1.314333724
1469	1.31182209
1470	1.313621332
1471	1.315424121
1472	1.31722587
1473	1.319022489
1474	1.31341746
1475	1.312649812
1476	1.309809506
1477	1.311755145
1478	1.313692749
1479	1.30823932
1480	1.310308962
1481	1.312368229
1482	1.309510951
1483	1.308871727
1484	1.306160853
1485	1.30565738
1486	1.307386431
1487	1.309401177
1488	1.311406566
1489	1.313398932
1490	1.31539295
1491	1.317372839
1492	1.316563791
1493	1.318108689
1494	1.319959489
1495	1.321842413
1496	1.323707986
1497	1.325553441
1498	1.327141102
1499	1.328424515
1500	1.329973634
1501	1.331825755
1502	1.331610132
1503	1.333422813
1504	1.334886588
1505	1.333714343
1506	1.334869569
1507	1.336285645
1508	1.337138687
1509	1.336201984
1510	1.337633434
1511	1.3392947
1512	1.340126339
1513	1.341731944
1514	1.34305528
1515	1.339545961
1516	1.340804565
1517	1.340380864
1518	1.339114134
1519	1.340394249
1520	1.341628511
1521	1.335225039
1522	1.331656425
1523	1.333107384
1524	1.332349294
1525	1.333769406
1526	1.334928065
1527	1.328793382
1528	1.330458647
1529	1.332109598
1530	1.333525834
1531	1.329944521
1532	1.33140576
1533	1.332853112
1534	1.333450952
1535	1.330245199
1536	1.331723421
1537	1.33314751
1538	1.333922443
1539	1.335608661
1540	1.337304201
1541	1.33803449
1542	1.334375021
1543	1.335759076
1544	1.337432189
1545	1.338185349
1546	1.33981417
1547	1.340820174
1548	1.342393767
1549	1.343331459
1550	1.34400337
1551	1.345509464
1552	1.346703251
1553	1.345228878
1554	1.346354285
1555	1.345779386
1556	1.347219923
1557	1.348637063
1558	1.349204355
1559	1.350545253
1560	1.346542397
1561	1.347976541
1562	1.347378286
1563	1.348453216
1564	1.349819336
1565	1.35056343
1566	1.351066543
1567	1.349498521
1568	1.350488488
1569	1.349615558
1570	1.350610089
1571	1.344052011
1572	1.340231937
1573	1.341432209
1574	1.340811582
1575	1.342007227
1576	1.341371461
1577	1.342845932
1578	1.343993101
1579	1.340532127
1580	1.341698734
1581	1.342909668
1582	1.336496314
1583	1.332897877
1584	1.334252161
1585	1.335588771
1586	1.336292454
1587	1.33759363
1588	1.332841042
1589	1.32937642
1590	1.330804839
1591	1.332229353
1592	1.332892903
1593	1.334260052
1594	1.33564058
1595	1.329587148
1596	1.331045734
1597	1.327569233
1598	1.329068069
1599	1.329770638
1600	1.331225461
1601	1.331896732
1602	1.328441574
1603	1.329928439
1604	1.331390891
1605	1.325448685
1606	1.322178028
1607	1.323121033
1608	1.320295047
1609	1.32134237
1610	1.320844836
1611	1.319923944
1612	1.319503462
1613	1.321413628
1614	1.323304281
1615	1.324856895
1616	1.326786642
1617	1.323517775
1618	1.32503302
1619	1.326586019
1620	1.328476354
1621	1.329930478
1622	1.331390904
1623	1.332680554
1624	1.334102444
1625	1.332923299
1626	1.33432046
1627	1.335720099
1628	1.337237692
1629	1.338742275
1630	1.340031837
1631	1.338668187
1632	1.340146533
1633	1.341397326
1634	1.342939307
1635	1.344323748
1636	1.34548005
1637	1.343962556
1638	1.345325308
1639	1.346449193
1640	1.34786937
1641	1.349267915
1642	1.350266565
1643	1.350551637
1644	1.351855689
1645	1.352151621
1646	1.347991719
1647	1.348714904
1648	1.349457177
1649	1.349861245
1650	1.350866314
1651	1.351183759
1652	1.347063875
1653	1.34812941
1654	1.349152731
1655	1.349600852
1656	1.350927463
1657	1.351366925
1658	1.352648306
1659	1.353911483
1660	1.354307542
1661	1.355529018
1662	1.356348808
1663	1.357251272
1664	1.358056985
1665	1.353752284
1666	1.354631793
1667	1.353824728
1668	1.35505742
1669	1.355432856
1670	1.356613804
1671	1.357403947
1672	1.356365364
1673	1.356643909
1674	1.355644743
1675	1.356213316
1676	1.357075486
1677	1.356045504
1678	1.356378819
1679	1.355531442
1680	1.35670484
1681	1.357890834
1682	1.358779663
1683	1.354569387
1684	1.355375017
1685	1.35457349
1686	1.355762241
1687	1.356966183
1688	1.357290424
1689	1.358425052
1690	1.3591567
1691	1.359889555
1692	1.353145645
1693	1.34911674
1694	1.350071732
1695	1.349261789
1696	1.345375267
1697	1.346403571
1698	1.347412972
1699	1.347755809
1700	1.348742792
1701	1.34239467
1702	1.338707343
1703	1.339883461
1704	1.341037502
1705	1.341518639
1706	1.337876558
1707	1.339066409
1708	1.340264837
1709	1.334167471
1710	1.335458617
1711	1.331948095
1712	1.333286808
1713	1.334613897
1714	1.328686688
1715	1.330114599
1716	1.330784023
1717	1.327396243
1718	1.328838981
1719	1.330268177
1720	1.324463769
1721	1.325990183
1722	1.322695277
1723	1.324259831
1724	1.325064791
1725	1.322206584
1726	1.323773038
1727	1.325318191
1728	1.326869899
1729	1.322441069
1730	1.324023001
1731	1.324869753
1732	1.321628856
1733	1.323215477
1734	1.324789318
1735	1.326366175
1736	1.321950101
1737	1.318791845
1738	1.316111175
1739	1.315262784
1740	1.317042329
1741	1.318819927
1742	1.31327475
1743	1.310396536
1744	1.309717029
1745	1.307299867
1746	1.309270251
1747	1.311235992
1748	1.313192945
1749	1.307774063
1750	1.307154328
1751	1.30446385
1752	1.303984633
1753	1.306081416
1754	1.300879061
1755	1.298382377
1756	1.295982371
1757	1.295749322
1758	1.298010334
1759	1.300262129
1760	1.302500334
1761	1.297351018
1762	1.294950447
1763	1.29321974
1764	1.290943389
1765	1.293362435
1766	1.295767041
1767	1.298123435
1768	1.300468576
1769	1.297961984
1770	1.296170126
1771	1.298409034
1772	1.298099339
1773	1.300417227
1774	1.302714686
1775	1.303232059
1776	1.305501599
1777	1.30775102
1778	1.309512619
1779	1.307401551
1780	1.309628626
1781	1.311359241
1782	1.31310504
1783	1.312350801
1784	1.314380678
1785	1.316337327
1786	1.318360243
1787	1.320358522
1788	1.322329769
1789	1.323751019
1790	1.325455935
1791	1.32730631
1792	1.329231574
1793	1.330492747
1794	1.331527276
1795	1.333054293
1796	1.334028074
1797	1.33579537
1798	1.337248783
1799	1.333808997
1800	1.33526434
1801	1.334970572
1802	1.33409435
1803	1.335549147
1804	1.336915506
1805	1.337777295
1806	1.336545211
1807	1.338224338
1808	1.339278372
1809	1.340098264
1810	1.34169849
1811	1.343011123
1812	1.344244184
1813	1.337650536
1814	1.334247468
1815	1.330993279
1816	1.33243674
1817	1.333854775
1818	1.333594373
1819	1.335049866
1820	1.33583741
1821	1.334645576
1822	1.336354972
1823	1.337460451
1824	1.331186321
1825	1.332979244
1826	1.333635381
1827	1.330079994
1828	1.331543227
1829	1.333000948
1830	1.326911986
1831	1.328467428
1832	1.330007537
1833	1.330690061
1834	1.327192297
1835	1.328738107
1836	1.328584755
1837	1.325165735
1838	1.326780388
1839	1.328331094
1840	1.322389493
1841	1.319155779
1842	1.320862596
1843	1.322549516
1844	1.316814018
1845	1.314088942
1846	1.315180922
1847	1.314314046
1848	1.311362369
1849	1.313266752
1850	1.315124141
1851	1.316978492
1852	1.317124061
1853	1.318233118
1854	1.320164667
1855	1.322075639
1856	1.324078304
1857	1.325719984
1858	1.324734107
1859	1.326682902
1860	1.328282183
1861	1.327246866
1862	1.328815913
1863	1.329768417
1864	1.331602001
1865	1.332576892
1866	1.334351814
1867	1.335286487
1868	1.336988462
1869	1.338344562
1870	1.334609625
1871	1.335745975
1872	1.335432197
1873	1.33683992
1874	1.338481687
1875	1.337189166
1876	1.338284582
1877	1.337694254
1878	1.339001541
1879	1.338583603
1880	1.339883689
1881	1.333522083
1882	1.329880537
1883	1.331365406
1884	1.331998636
1885	1.333435653
1886	1.335106601
1887	1.336479693
1888	1.336990613
1889	1.33330284
1890	1.334724795
1891	1.334412638
1892	1.335492708
1893	1.337166943
1894	1.338817008
1895	1.339504841
1896	1.33578877
1897	1.337095313
1898	1.338393335
1899	1.338011902
1900	1.339337487
1901	1.340906335
1902	1.337108333
1903	1.338173504
1904	1.331937438
1905	1.333349277
1906	1.334747519
1907	1.335282496
1908	1.336635563
1909	1.337145111
1910	1.333467358
1911	1.334874848
1912	1.335615885
1913	1.337265848
1914	1.336374461
1915	1.338040044
1916	1.339313304
1917	1.334513728
1918	1.336228613
1919	1.337030858
1920	1.333464348
1921	1.334796214
1922	1.336160825
1923	1.330071136
1924	1.331505293
1925	1.332236726
1926	1.328807192
1927	1.330251692
1928	1.331719293
1929	1.331507148
1930	1.332928934
1931	1.326943454
1932	1.323628421
1933	1.32521116
1934	1.326780882
1935	1.327573681
1936	1.324247751
1937	1.325821003
1938	1.327375575
1939	1.328326943
1940	1.329852567
1941	1.323939965
1942	1.320705427
1943	1.31792989
1944	1.319012019
1945	1.320128498
1946	1.317387783
1947	1.316582965
1948	1.318668979
1949	1.317973501
1950	1.319936297
1951	1.319100855
1952	1.321164535
1953	1.318419282
1954	1.31765504
1955	1.319333155
1956	1.321016291
1957	1.322700069
1958	1.324380565
1959	1.326159231
1960	1.327921008
1961	1.329663418
1962	1.331384328
1963	1.330298765
1964	1.331756446
1965	1.330690848
1966	1.332152832
1967	1.33381229
1968	1.335553009
1969	1.336918085
1970	1.338587033
1971	1.340102698
1972	1.338796958
1973	1.340048386
1974	1.341315603
1975	1.342480928
1976	1.343656718
1977	1.344666571
1978	1.346118216
1979	1.347269824
1980	1.34777382
1981	1.343710278
1982	1.344857402
1983	1.345756107
1984	1.346319365
1985	1.34773867
1986	1.348823582
1987	1.349895376
1988	1.351212187
1989	1.350466127
1990	1.348842158
1991	1.34990698
1992	1.35039305
1993	1.351710983
1994	1.352988415
1995	1.353976471
1996	1.355221127
1997	1.356425633
1998	1.356784125
1999	1.352538629
2000	1.353453015
2001	1.354346906
2002	1.354774301
2003	1.355671622
2004	1.354827307
2005	1.356030469
2006	1.357210931
2007	1.35616789
2008	1.357309636
2009	1.358473663
2010	1.359359507
2011	1.355100245
2012	1.355966621
2013	1.355146265
2014	1.356340358
2015	1.352197629
2016	1.353138686
2017	1.353780185
2018	1.353006148
2019	1.353958959
2020	1.354254246
2021	1.3554479
2022	1.353758789
2023	1.352826507
2024	1.353737395
2025	1.353903695
2026	1.354523952
2027	1.355426279
2028	1.348801425
2029	1.344855492
2030	1.345945596
2031	1.346255505
2032	1.347333696
2033	1.348335383
2034	1.341965467
2035	1.33823541
2036	1.335000508
2037	1.336275113
2038	1.337524863
2039	1.338785861
2040	1.334061979
2041	1.335376215
2042	1.335939593
2043	1.33721868
2044	1.338501792
2045	1.332446733
2046	1.333822054
2047	1.335187541
2048	1.334284078
2049	1.330721842
2050	1.332137269
2051	1.332740561
2052	1.329631703
2053	1.331056255
2054	1.332457099
2055	1.327893478
2056	1.32936273
2057	1.330075759
2058	1.326685858
2059	1.328165489
2060	1.329640418
2061	1.32382897
2062	1.320609769
2063	1.319616478
2064	1.316911386
2065	1.318619886
2066	1.320331276
2067	1.314793023
2068	1.313957355
2069	1.31106312
2070	1.310380486
2071	1.31226
2072	1.314137848
2073	1.308751131
2074	1.30600377
2075	1.305461858
2076	1.303130391
2077	1.30518904
2078	1.307243522
2079	1.302037361
2080	1.299484614
2081	1.29911784
2082	1.301300327
2083	1.303474841
2084	1.29835409
2085	1.295897605
2086	1.298223939
2087	1.300540596
2088	1.298038347
2089	1.297738659
2090	1.29560649
2091	1.295399934
2092	1.297623105
2093	1.299874832
2094	1.30211591
2095	1.304342151
2096	1.306549872
2097	1.308705875
2098	1.310846391
2099	1.31020933
2100	1.312344581
2101	1.313988096
2102	1.316060574
2103	1.313767153
2104	1.31539162
2105	1.317330223
2106	1.317497179
2107	1.319488112
2108	1.321454603
2109	1.323164638
2110	1.32489123
2111	1.321503462
2112	1.323271255
2113	1.324655295
2114	1.326097928
2115	1.326013205
2116	1.32712266
2117	1.329043957
2118	1.330629335
2119	1.332477242
2120	1.333466633
2121	1.334958379
2122	1.333746116
2123	1.334952859
2124	1.334642064
2125	1.336377559
2126	1.337795803
2127	1.339464227
2128	1.340283749
2129	1.339260873
2130	1.340590762
2131	1.341931681
2132	1.338057356
2133	1.339408927
2134	1.339000742
2135	1.340614187
2136	1.339624124
2137	1.34090442
2138	1.340252416
2139	1.34155557
2140	1.343106064
2141	1.344258149
2142	1.337758418
2143	1.333995324
2144	1.335399771
2145	1.335961568
2146	1.337320812
2147	1.338616676
2148	1.33235969
2149	1.333819212
2150	1.330164117
2151	1.331666337
2152	1.332285542
2153	1.328737772
2154	1.330248939
2155	1.331696898
2156	1.325695833
2157	1.327291954
2158	1.328014916
2159	1.324599709
2160	1.326198917
2161	1.327740679
2162	1.328630083
2163	1.330159641
2164	1.324208426
2165	1.320898018
2166	1.322583637
2167	1.324253348
2168	1.325049385
2169	1.322086076
2170	1.323749014
2171	1.325344124
2172	1.326276122
2173	1.327878742
2174	1.323321145
2175	1.320051061
2176	1.317264604
2177	1.31836926
2178	1.320065145
2179	1.317280268
2180	1.319038
2181	1.320743854
2182	1.322449929
2183	1.323513865
2184	1.325182717
2185	1.324186622
2186	1.325837253
2187	1.326850766
2188	1.328567626
2189	1.329944151
2190	1.328886382
2191	1.330419571
2192	1.332224867
2193	1.333659264
2194	1.335111866
2195	1.336802311
2196	1.333060495
2197	1.332808556
2198	1.334231755
2199	1.335400109
2200	1.335925248
2201	1.337326777
2202	1.338949482
2203	1.335135751
2204	1.335894036
2205	1.337230958
2206	1.338044166
2207	1.339651526
2208	1.341241248
2209	1.342802211
2210	1.343418647
2211	1.344905418
2212	1.346069927
2213	1.346697594
2214	1.348107836
2215	1.344097208
2216	1.345221094
2217	1.344662016
2218	1.346116219
2219	1.347551116
2220	1.348360945
2221	1.348928606
2222	1.350302613
2223	1.349608055
2224	1.345580385
2225	1.346713959
2226	1.347344082
2227	1.348716791
2228	1.350068301
2229	1.351051668
2230	1.350164159
2231	1.348580997
2232	1.349601357
2233	1.348777919
2234	1.349826776
2235	1.348996118
2236	1.349965838
2237	1.343443748
2238	1.34461694
2239	1.340713951
2240	1.342223567
2241	1.343739622
2242	1.344858264
2243	1.345384198
2244	1.346834898
2245	1.34044891
2246	1.336762755
2247	1.338036638
2248	1.339296485
2249	1.339804391
2250	1.341022475
2251	1.334849954
2252	1.331329004
2253	1.332723263
2254	1.334097987
2255	1.335462178
2256	1.336021191
2257	1.332454617
2258	1.33383561
2259	1.334613547
2260	1.335977733
2261	1.329950242
2262	1.326570671
2263	1.323660609
2264	1.325207952
2265	1.326733206
2266	1.3282631
2267	1.323824951
2268	1.324751071
2269	1.321556028
2270	1.32062304
2271	1.317887918
2272	1.319052683
2273	1.320740937
2274	1.32260526
2275	1.324148553
2276	1.325963135
2277	1.327496188
2278	1.324203563
2279	1.325785233
2280	1.327310149
2281	1.328836916
2282	1.33036181
2283	1.330170428
2284	1.331813995
2285	1.33358592
2286	1.332381312
2287	1.333834114
2288	1.334662248
2289	1.333492224
2290	1.335217787
2291	1.336324975
2292	1.337179176
2293	1.338830563
2294	1.339653449
2295	1.340939799
2296	1.342473553
2297	1.343751933
2298	1.339912478
2299	1.341179374
2300	1.342392901
2301	1.341913605
2302	1.343418603
2303	1.344916549
2304	1.345583336
2305	1.344145727
2306	1.345317623
2307	1.3461906
2308	1.339716772
2309	1.335990162
2310	1.337302307
2311	1.336765857
2312	1.338068214
2313	1.337676062
2314	1.339263123
2315	1.340850823
2316	1.337106471
2317	1.338398629
2318	1.339707238
2319	1.333483829
2320	1.329972397
2321	1.331405552
2322	1.332826789
2323	1.333618706
2324	1.335157489
2325	1.336494559
2326	1.332875057
2327	1.33429998
2328	1.335069241
2329	1.336730727
2330	1.335543447
2331	1.336871098
2332	1.336353262
2333	1.337670111
2334	1.338193075
2335	1.339500471
2336	1.340463058
2337	1.342011568
2338	1.34317799
2339	1.34385546
2340	1.345339811
2341	1.345995212
2342	1.342115559
2343	1.343270307
2344	1.344409859
2345	1.33804475
2346	1.339311937
2347	1.340900455
2348	1.340280877
2349	1.336567695
2350	1.337858231
2351	1.337476874
2352	1.339077146
2353	1.340351921
2354	1.339382672
2355	1.340602647
2356	1.334409436
2357	1.335942939
2358	1.337260195
2359	1.333607738
2360	1.334972733
2361	1.335553275
2362	1.336875407
2363	1.338139964
2364	1.338645454
2365	1.334987562
2366	1.336338725
2367	1.337378153
2368	1.338690379
2369	1.338286626
2370	1.337018777
2371	1.338287466
2372	1.337910391
2373	1.339523034
2374	1.333345551
2375	1.329859312
2376	1.331286105
2377	1.332696158
2378	1.334090352
2379	1.334680342
2380	1.331150252
2381	1.332558172
2382	1.333958852
2383	1.327953432
2384	1.328751046
2385	1.325412127
2386	1.326348845
2387	1.328095992
2388	1.327432003
2389	1.329179768
2390	1.330625044
2391	1.332403666
2392	1.334054706
2393	1.330560582
2394	1.331978494
2395	1.333726993
2396	1.33505518
2397	1.336412913
2398	1.335189671
2399	1.336768057
2400	1.338085242
2401	1.339699395
2402	1.341288886
2403	1.342479459
2404	1.343576817
2405	1.34468821
2406	1.345145699
2407	1.34659463
2408	1.347111594
2409	1.348519444
2410	1.349293317
2411	1.349673392
2412	1.351023875
2413	1.351471123
2414	1.347368649
2415	1.348434626
2416	1.348907621
2417	1.344942286
2418	1.34606209
2419	1.347462123
2420	1.348233715
2421	1.348777779
2422	1.350140997
2423	1.35087089
2424	1.350152695
2425	1.35058711
2426	1.351913183
2427	1.352943359
2428	1.348855913
2429	1.348220235
2430	1.34920983
2431	1.350535898
2432	1.351864851
2433	1.352293569
2434	1.353541172
2435	1.354798147
2436	1.35525076
2437	1.356464992
2438	1.357653974
2439	1.358171787
2440	1.351410267
2441	1.352723314
2442	1.348705296
2443	1.348083105
2444	1.349071543
2445	1.345183041
2446	1.345995925
2447	1.347043517
2448	1.346293777
2449	1.346833654
2450	1.340501787
2451	1.336870341
2452	1.338094198
2453	1.339315243
2454	1.33889705
2455	1.340109911
2456	1.334006591
2457	1.330524594
2458	1.331909207
2459	1.331537637
2460	1.328143433
2461	1.329572711
2462	1.330994475
2463	1.330646706
2464	1.327630367
2465	1.329088129
2466	1.330485235
2467	1.331892974
2468	1.327304162
2469	1.328785244
2470	1.329515093
2471	1.326142064
2472	1.32763255
2473	1.329112271
2474	1.324664384
2475	1.325574638
2476	1.322358819
2477	1.321415016
2478	1.318689217
2479	1.32038441
2480	1.31994335
2481	1.319121346
2482	1.318751364
2483	1.320384363
2484	1.322272176
2485	1.323939216
2486	1.3257922
2487	1.322645872
2488	1.321783172
2489	1.323765573
2490	1.325638485
2491	1.327550784
2492	1.329359453
2493	1.328431737
2494	1.329649746
2495	1.331412252
2496	1.333216805
2497	1.334368196
2498	1.336110234
2499	1.337724346
2500	1.334122935
2501	1.335264065
2502	1.336977033
2503	1.335633532
2504	1.336787809
2505	1.338044975
2506	1.33931207
2507	1.340585051
2508	1.341860298
2509	1.343134588
2510	1.344405068
2511	1.345010742
2512	1.34627467
2513	1.34753115
2514	1.348463642
2515	1.349513655
2516	1.350715685
2517	1.352017862
2518	1.352999357
2519	1.35123793
2520	1.352529187
2521	1.353506788
2522	1.353811536
2523	1.352087765
2524	1.352761072
2525	1.353451034
2526	1.353807965
2527	1.355030454
2528	1.355924043
2529	1.357106225
2530	1.357974191
2531	1.358798381
2532	1.357874364
2533	1.356057985
2534	1.35722588
2535	1.357794718
2536	1.358073172
2537	1.359199198
2538	1.360030473
2539	1.361105383
2540	1.361843511
2541	1.360665626
2542	1.356292158
2543	1.357136676
2544	1.357458323
2545	1.358279073
2546	1.359378053
2547	1.35507082
2548	1.35595246
2549	1.356313272
2550	1.357159495
2551	1.358277217
2552	1.359089417
2553	1.358164088
2554	1.356359829
2555	1.35732885
2556	1.358448951
2557	1.357378548
2558	1.35846929
2559	1.359580179
2560	1.360075407
2561	1.353269793
2562	1.354177774
2563	1.35003511
2564	1.351013013
2565	1.344547211
2566	1.345970979
2567	1.342120594
2568	1.343290497
2569	1.34439138
2570	1.344876119
2571	1.338629722
2572	1.339835621
2573	1.33615591
2574	1.337412713
2575	1.337895127
2576	1.339118702
2577	1.33958082
2578	1.33595111
2579	1.337221464
2580	1.334004611
2581	1.335334763
2582	1.336671827
2583	1.330636173
2584	1.332008166
2585	1.332774716
2586	1.329322518
2587	1.330719033
2588	1.33216207
2589	1.326265338
2590	1.327036863
2591	1.323751212
2592	1.322692908
2593	1.319882729
2594	1.320911682
2595	1.322239036
2596	1.324026774
2597	1.325509474
2598	1.327251834
2599	1.328727337
2600	1.328026744
2601	1.32973377
2602	1.331167873
2603	1.330088038
2604	1.331860838
2605	1.33323904
2606	1.334624357
2607	1.336012831
2608	1.337121941
2609	1.337809468
2610	1.339249569
2611	1.340520908
2612	1.342074675
2613	1.343601574
2614	1.344182473
2615	1.342695291
2616	1.343366851
2617	1.344530629
2618	1.345976348
2619	1.346574331
2620	1.3426276
2621	1.343796021
2622	1.345257665
2623	1.346373435
2624	1.347788483
2625	1.348901821
2626	1.350266171
2627	1.350772823
2628	1.352073443
2629	1.35336647
2630	1.352606011
2631	1.348530879
2632	1.349552482
2633	1.348902086
2634	1.350231166
2635	1.348684414
2636	1.349708288
2637	1.35043825
2638	1.350930542
2639	1.352223
2640	1.353490913
2641	1.35454168
2642	1.355405469
2643	1.348708952
2644	1.344724942
2645	1.345806548
2646	1.345058089
2647	1.341220848
2648	1.342367564
2649	1.343493855
2650	1.344632927
2651	1.338317679
2652	1.339554721
2653	1.339984156
2654	1.34118464
2655	1.336374021
2656	1.332797277
2657	1.334130621
2658	1.33369007
2659	1.330569983
2660	1.331944269
2661	1.333313547
2662	1.334660044
2663	1.335366332
2664	1.336690503
2665	1.331995997
2666	1.328529525
2667	1.325561935
2668	1.327035621
2669	1.328524786
2670	1.330019862
2671	1.324173837
2672	1.325030531
2673	1.32177119
2674	1.320785824
2675	1.31770782
2676	1.316883389
2677	1.318604793
2678	1.320327523
2679	1.322047444
2680	1.316384808
2681	1.313414956
2682	1.315369059
2683	1.317311952
2684	1.314336731
2685	1.313606003
2686	1.315411596
2687	1.314682607
2688	1.316504035
2689	1.318321205
2690	1.320130389
2691	1.320197925
2692	1.322032581
2693	1.323853225
2694	1.325656885
2695	1.326931759
2696	1.328475487
2697	1.330329889
2698	1.332151422
2699	1.33336139
2700	1.334822214
2701	1.336220256
2702	1.334949947
2703	1.334660675
2704	1.336377885
2705	1.337245276
2706	1.33358649
2707	1.335000614
2708	1.334123497
2709	1.335261203
2710	1.336405246
2711	1.330171007
2712	1.331639968
2713	1.331222268
2714	1.332674385
2715	1.332401149
2716	1.328796147
2717	1.330327351
2718	1.329219046
2719	1.33071684
2720	1.324713029
2721	1.325567368
2722	1.327312699
2723	1.323921686
2724	1.325487781
2725	1.327040901
2726	1.328762646
2727	1.325653743
2728	1.327225149
2729	1.329055871
2730	1.330759499
2731	1.329653067
2732	1.331128795
2733	1.332789608
2734	1.334539489
2735	1.336230953
2736	1.337571603
2737	1.333815173
2738	1.335159482
2739	1.336510933
2740	1.337190981
2741	1.338699809
2742	1.339986675
2743	1.338612152
2744	1.340213511
2745	1.340836607
2746	1.342391274
2747	1.343306374
2748	1.343853767
2749	1.344711663
2750	1.346176689
2751	1.346758006
2752	1.34816406
2753	1.349550906
2754	1.35007425
2755	1.351068269
2756	1.349447973
2757	1.350181676
2758	1.349485234
2759	1.350828161
2760	1.351317465
2761	1.352613647
2762	1.353550055
2763	1.349358835
2764	1.350104961
2765	1.349406658
2766	1.350434318
2767	1.351726085
2768	1.350801265
2769	1.352061639
2770	1.353343254
2771	1.353680289
2772	1.349549655
2773	1.350547597
2774	1.351044685
2775	1.352330329
2776	1.353601523
2777	1.354048129
2778	1.355271139
2779	1.356092425
2780	1.355100517
2781	1.355427804
2782	1.354621999
2783	1.350505738
2784	1.351433577
2785	1.352100254
2786	1.351197637
2787	1.352152964
2788	1.345590884
2789	1.341724252
2790	1.338027192
2791	1.339212478
2792	1.34039805
2793	1.341595386
2794	1.335393514
2795	1.336665421
2796	1.336146333
2797	1.337412515
2798	1.333756552
2799	1.335093933
2800	1.329104885
2801	1.330519474
2802	1.331924106
2803	1.332507661
2804	1.328995209
2805	1.330414807
2806	1.331824449
2807	1.327264685
2808	1.328728446
2809	1.328405408
2810	1.325020445
2811	1.326523576
2812	1.32802684
2813	1.322125599
2814	1.323711452
2815	1.320446163
2816	1.322067796
2817	1.323696623
2818	1.324515802
2819	1.32606812
2820	1.321669348
2821	1.318497016
2822	1.317568927
2823	1.314902
2824	1.316683838
2825	1.318465103
2826	1.318553073
2827	1.319621643
2828	1.316550646
2829	1.315752955
2830	1.313131154
2831	1.314423182
2832	1.316214949
2833	1.317997987
2834	1.319953774
2835	1.321887746
2836	1.321078686
2837	1.323007386
2838	1.324561102
2839	1.323995775
2840	1.325872782
2841	1.327382334
2842	1.329268071
2843	1.331095169
2844	1.330053604
2845	1.331497314
2846	1.333279783
2847	1.334646854
2848	1.336018618
2849	1.337391413
2850	1.338458531
2851	1.339921603
2852	1.341206086
2853	1.34277171
2854	1.343343858
2855	1.341878178
2856	1.342578661
2857	1.344102826
2858	1.344776495
2859	1.345924725
2860	1.347356849
2861	1.343347681
2862	1.344236096
2863	1.343703616
2864	1.344886224
2865	1.346330915
2866	1.347475258
2867	1.348876045
2868	1.34731393
2869	1.348117309
2870	1.348661612
2871	1.349711531
2872	1.349025197
2873	1.350376946
2874	1.351695429
2875	1.352723531
2876	1.353998724
2877	1.354891246
2878	1.354974228
2879	1.350767812
2880	1.351745961
2881	1.353010478
2882	1.352265025
2883	1.350670197
2884	1.351979458
2885	1.352639313
2886	1.353081102
2887	1.354007632
2888	1.355055849
2889	1.356262903
2890	1.357438089
2891	1.357682059
2892	1.358831346
2893	1.35959278
2894	1.36035164
2895	1.360288325
2896	1.355952834
2897	1.356248151
2898	1.355431505
2899	1.348818868
2900	1.344933727
2901	1.345979307
2902	1.347021083
2903	1.346273489
2904	1.347651883
2905	1.34865387
2906	1.349626196
2907	1.343223425
2908	1.34434492
2909	1.340524499
2910	1.33994293
2911	1.341123462
2912	1.337424011
2913	1.338638205
2914	1.339853422
2915	1.341049767
2916	1.334899701
2917	1.336213216
2918	1.336710751
2919	1.337986637
2920	1.331815745
2921	1.328361128
2922	1.329804811
2923	1.330491463
2924	1.32711892
2925	1.328574923
2926	1.330012198
2927	1.331437999
2928	1.332849977
2929	1.328266506
2930	1.329735295
2931	1.33043249
2932	1.327035451
2933	1.328514745
2934	1.329998196
2935	1.32417576
2936	1.320954158
2937	1.319948726
2938	1.317231617
2939	1.318945859
2940	1.320661471
2941	1.315122244
2942	1.314278953
2943	1.31138645
2944	1.3132568
2945	1.312509921
2946	1.314387774
2947	1.309009864
2948	1.306267537
2949	1.303915004
2950	1.303432179
2951	1.305487946
2952	1.307538844
2953	1.302342795
2954	1.299794237
2955	1.299427
2956	1.29699702
2957	1.299215551
2958	1.301426987
2959	1.30362687
2960	1.298492079
2961	1.300768521
2962	1.303035342
2963	1.300453608
2964	1.30008873
2965	1.297627642
2966	1.295499391
2967	1.293782827
2968	1.296042838
2969	1.298342297
2970	1.30062925
2971	1.302899643
2972	1.302459182
2973	1.304708815
2974	1.305166346
2975	1.30736889
2976	1.309554242
2977	1.311718723
2978	1.31104295
2979	1.312723227
2980	1.314833651
2981	1.316918388
2982	1.318462959
2983	1.316103122
2984	1.31816686
2985	1.320201798
2986	1.321659969
2987	1.323371545
2988	1.325090924
2989	1.326489897
2990	1.327888271
2991	1.328923793
2992	1.330810331
2993	1.330604942
2994	1.332180643
2995	1.328507116
2996	1.328369681
2997	1.327333683
2998	1.328969616
2999	1.330288214
3000	1.331262673
3001	1.333066051
3002	1.334002512
3003	1.335433294
3004	1.336877011
3005	1.338562572
3006	1.339404343
3007	1.340736568
3008	1.340271553
3009	1.336413188
3010	1.338101124
3011	1.337728188
3012	1.336789455
3013	1.338172773
3014	1.331846832
3015	1.328306695
3016	1.329833901
3017	1.33129014
3018	1.332535159
3019	1.32642254
3020	1.32802028
3021	1.327690922
3022	1.32926629
3023	1.328907914
3024	1.325388555
3025	1.326997478
3026	1.328520337
3027	1.32387803
3028	1.325523198
3029	1.32212124
3030	1.323800233
3031	1.323596939
3032	1.325267057
3033	1.322242893
3034	1.323874855
3035	1.317912743
3036	1.314768
3037	1.316578383
3038	1.31836803
3039	1.319478281
3040	1.321212485
3041	1.316829382
3042	1.313741669
3043	1.314915095
3044	1.316709868
3045	1.313981944
3046	1.315799965
3047	1.317625198
3048	1.319393329
3049	1.32050845
3050	1.317291753
3051	1.31909647
3052	1.320861957
3053	1.321977312
3054	1.318733927
3055	1.320652039
3056	1.319833099
3057	1.321133785
3058	1.323017501
3059	1.324879123
3060	1.326507325
3061	1.325495707
3062	1.327117727
3063	1.328996582
3064	1.330719562
3065	1.332527384
3066	1.333990745
3067	1.332788762
3068	1.334428779
3069	1.335840661
3070	1.337528082
3071	1.339155922
3072	1.340094868
3073	1.341672173
3074	1.342256464
3075	1.338379075
3076	1.339646486
3077	1.340649048
3078	1.341922349
3079	1.342489435
3080	1.343152104
3081	1.344654524
3082	1.345293973
3083	1.346740317
3084	1.348162387
3085	1.348739625
3086	1.34719425
3087	1.3482441
3088	1.349396476
3089	1.350418079
3090	1.349711102
3091	1.351055845
3092	1.352376956
3093	1.353650827
3094	1.352704928
3095	1.353650539
3096	1.354071853
3097	1.3498773
3098	1.350591787
3099	1.351595642
3100	1.350849863
3101	1.352148874
3102	1.348010746
3103	1.349035467
3104	1.348368437
3105	1.349432488
3106	1.349829371
3107	1.351142973
3108	1.352436822
3109	1.348312437
3110	1.349325544
3111	1.348506412
3112	1.349264311
3113	1.349514074
3114	1.350529349
3115	1.351264175
3116	1.351420685
3117	1.352406772
3118	1.347190392
3119	1.343260092
3120	1.34437237
3121	1.345458207
3122	1.344873157
3123	1.341016699
3124	1.342219714
3125	1.343378914
3126	1.337091359
3127	1.333477364
3128	1.334796675
3129	1.33612378
3130	1.330097197
3131	1.331509666
3132	1.332911681
3133	1.333471486
3134	1.329930122
3135	1.331347207
3136	1.33212385
3137	1.32866352
3138	1.330100807
3139	1.33152475
3140	1.325629201
3141	1.327151893
3142	1.327893191
3143	1.324551243
3144	1.326081757
3145	1.327598566
3146	1.321823138
3147	1.323433822
3148	1.325031823
3149	1.325794435
3150	1.322472271
3151	1.324073696
3152	1.325637944
3153	1.326429836
3154	1.327976636
3155	1.323503158
3156	1.320643776
3157	1.317524946
3158	1.318613749
3159	1.315938349
3160	1.315149291
3161	1.316935547
3162	1.318664447
3163	1.320392654
3164	1.32211616
3165	1.316422787
3166	1.315601796
3167	1.317431211
3168	1.317543425
3169	1.319442193
3170	1.32132679
3171	1.318175667
3172	1.317341351
3173	1.318804844
3174	1.320721869
3175	1.322341748
3176	1.323990553
3177	1.325632611
3178	1.325570031
3179	1.322259109
3180	1.324261121
3181	1.325918283
3182	1.327045106
3183	1.328949861
3184	1.330563196
3185	1.332058056
3186	1.330931445
3187	1.330757474
3188	1.329722732
3189	1.331237056
3190	1.33244956
3191	1.326358064
3192	1.328094457
3193	1.32470608
3194	1.326281706
3195	1.327877576
3196	1.324795631
3197	1.326392598
3198	1.327394009
3199	1.329117384
3200	1.32809934
3201	1.329644003
3202	1.33132667
3203	1.332540567
3204	1.334289847
3205	1.336009326
3206	1.337341096
3207	1.338693904
3208	1.339374803
3209	1.335601573
3210	1.337282602
3211	1.338583441
3212	1.339853384
3213	1.340613075
3214	1.342180456
3215	1.342912083
3216	1.339063292
3217	1.340351696
3218	1.33992108
3219	1.341485669
3220	1.343015715
3221	1.344524027
3222	1.345406803
3223	1.346051859
3224	1.347495041
3225	1.348662364
3226	1.347135956
3227	1.348220753
3228	1.349423507
3229	1.348596638
3230	1.349652359
3231	1.350994547
3232	1.352314315
3233	1.351388509
3234	1.34730343
3235	1.348342615
3236	1.349338321
3237	1.350112075
3238	1.343553798
3239	1.344710334
3240	1.345856414
3241	1.346100847
3242	1.347226389
3243	1.340616974
3244	1.336830286
3245	1.333215002
3246	1.334570459
3247	1.335888477
3248	1.336590145
3249	1.337891145
3250	1.338399751
3251	1.334759919
3252	1.336081047
3253	1.337388499
3254	1.33129943
3255	1.332715488
3256	1.333345278
3257	1.329856945
3258	1.331286133
3259	1.332723841
3260	1.334105946
3261	1.32810813
3262	1.324739348
3263	1.326288436
3264	1.327814852
3265	1.323363646
3266	1.320509489
3267	1.319527031
3268	1.321207815
3269	1.322888046
3270	1.317259841
3271	1.314231738
3272	1.313434936
3273	1.310878658
3274	1.312763888
3275	1.31464564
3276	1.309257057
3277	1.308591072
3278	1.305844759
3279	1.307867103
3280	1.309882606
3281	1.304615744
3282	1.306747976
3283	1.304035593
3284	1.303534844
3285	1.300955141
3286	1.303207541
3287	1.300932565
3288	1.300558588
3289	1.302393019
3290	1.30451328
3291	1.306624905
3292	1.306120857
3293	1.30822245
3294	1.310308446
3295	1.310617721
3296	1.312680256
3297	1.314727286
3298	1.316755331
3299	1.31876136
3300	1.320224672
3301	1.317827963
3302	1.319820995
3303	1.321273429
3304	1.322974655
3305	1.324657442
3306	1.326343707
3307	1.327448256
3308	1.329360161
3309	1.330419516
3310	1.326903695
3311	1.328525662
3312	1.330082698
3313	1.331654218
3314	1.330849146
3315	1.332113383
3316	1.331887075
3317	1.333685209
3318	1.33516745
3319	1.336060415
3320	1.332344074
3321	1.332121741
3322	1.3335873
3323	1.334793772
3324	1.328570438
3325	1.33012567
3326	1.329750915
3327	1.331285283
3328	1.332800851
3329	1.33234316
3330	1.333858537
3331	1.327495393
3332	1.323997188
3333	1.320662505
3334	1.32237131
3335	1.324016371
3336	1.325014171
3337	1.326646597
3338	1.327418465
3339	1.324006505
3340	1.32567444
3341	1.324715391
3342	1.326102441
3343	1.320233623
3344	1.321957883
3345	1.321800058
3346	1.323499123
3347	1.324322565
3348	1.321359261
3349	1.323048792
3350	1.32466776
3351	1.320181054
3352	1.321901905
3353	1.323605296
3354	1.324438595
3355	1.321085692
3356	1.322783841
3357	1.324413981
3358	1.319966374
3359	1.316788282
3360	1.31792091
3361	1.319656573
3362	1.316857527
3363	1.318642463
3364	1.315876148
3365	1.317659808
3366	1.319441295
3367	1.321078149
3368	1.322147108
3369	1.324031294
3370	1.323069502
3371	1.324951402
3372	1.326806958
3373	1.325804106
3374	1.327363562
3375	1.329165943
3376	1.331034546
3377	1.332830636
3378	1.334596252
3379	1.333400702
3380	1.334802122
3381	1.336524306
3382	1.337615314
3383	1.339279667
3384	1.340534756
3385	1.340090108
3386	1.341698657
3387	1.342357814
3388	1.343880262
3389	1.345067433
3390	1.343592363
3391	1.343087983
3392	1.34426127
3393	1.345751048
3394	1.346368667
3395	1.347811875
3396	1.348405453
3397	1.349789141
3398	1.351152694
3399	1.351691307
3400	1.347625742
3401	1.348696282
3402	1.348070929
3403	1.349440899
3404	1.350788945
3405	1.351802363
3406	1.352493608
3407	1.351749751
3408	1.347629218
3409	1.348731871
3410	1.348095794
3411	1.349451458
3412	1.347904979
3413	1.348693255
3414	1.349776434
3415	1.35026851
3416	1.351581022
3417	1.352864908
3418	1.353863513
3419	1.34970752
3420	1.350450554
3421	1.351435051
3422	1.350703844
3423	1.35173403
3424	1.350816034
3425	1.351177208
3426	1.352459602
3427	1.353728119
3428	1.353882187
3429	1.354816174
3430	1.356014899
3431	1.351794851
3432	1.352486786
3433	1.352923614
3434	1.353877973
3435	1.347260783
3436	1.343332137
3437	1.344455845
3438	1.345532501
3439	1.339233331
3440	1.33555594
3441	1.336846557
3442	1.338097533
3443	1.33753897
3444	1.338804408
3445	1.340059848
3446	1.335238182
3447	1.33165812
3448	1.333044379
3449	1.332617756
3450	1.329513205
3451	1.330937489
3452	1.332311439
3453	1.333060539
3454	1.334450985
3455	1.329827245
3456	1.326426636
3457	1.327907941
3458	1.329369643
3459	1.329181184
3460	1.325788901
3461	1.327296519
3462	1.328801349
3463	1.322987424
3464	1.324577024
3465	1.326153818
3466	1.326883724
3467	1.32351744
3468	1.325098813
3469	1.325909607
3470	1.322618901
3471	1.324230739
3472	1.325801737
3473	1.320042322
3474	1.317280145
3475	1.318324602
3476	1.315278222
3477	1.314474369
3478	1.316275115
3479	1.318023899
3480	1.31977201
3481	1.321515421
3482	1.315835928
3483	1.315002524
3484	1.316850822
3485	1.311337659
3486	1.313357542
3487	1.315365139
3488	1.312372963
3489	1.311656125
3490	1.308824055
3491	1.310956014
3492	1.31285156
3493	1.312165125
3494	1.314251973
3495	1.316316631
3496	1.317796396
3497	1.31948058
3498	1.321154739
3499	1.322842313
3500	1.324526238
3501	1.324502035
3502	1.326478345
3503	1.326414637
3504	1.328023189
3505	1.329024461
3506	1.325571269
3507	1.327512861
3508	1.328814001
3509	1.330117578
3510	1.331102329
3511	1.332616789
3512	1.331423742
3513	1.3312229
3514	1.333027708
3515	1.333978775
3516	1.335725522
3517	1.329490468
3518	1.326030656
3519	1.327625031
3520	1.324236999
3521	1.325864746
3522	1.327479387
3523	1.32737818
3524	1.326390243
3525	1.327723318
3526	1.321785851
3527	1.323452847
3528	1.325240333
3529	1.322224366
3530	1.323875968
3531	1.325537359
3532	1.326489068
3533	1.323079369
3534	1.322553362
3535	1.324192868
3536	1.325587602
3537	1.326442533
3538	1.328187172
3539	1.329913564
3540	1.331421657
3541	1.330270602
3542	1.331954683
3543	1.333410597
3544	1.335142982
3545	1.331444185
3546	1.332909433
3547	1.334649912
3548	1.336235038
3549	1.337595083
3550	1.339226128
3551	1.337872649
3552	1.339148774
3553	1.340359827
3554	1.340929564
3555	1.342471119
3556	1.343100014
3557	1.344597098
3558	1.345206754
3559	1.346340918
3560	1.347765152
3561	1.348223058
3562	1.349612133
3563	1.350952191
3564	1.351658292
3565	1.350352933
3566	1.351362209
3567	1.351540189
3568	1.347396098
3569	1.348178331
3570	1.34871998
3571	1.349753288
3572	1.345678074
3573	1.345099064
3574	1.346222091
3575	1.347615578
3576	1.34897123
3577	1.350329393
3578	1.350750068
3579	1.349177123
3580	1.349895147
3581	1.350429174
3582	1.351749414
3583	1.35243103
3584	1.353497367
3585	1.354416047
3586	1.347711671
3587	1.343738194
3588	1.344836525
3589	1.344107122
3590	1.345203822
3591	1.341684755
3592	1.342827696
3593	1.343377914
3594	1.344487416
3595	1.339575503
3596	1.340767833
3597	1.341952579
3598	1.341294833
3599	1.337514125
3600	1.338778149
3601	1.339989582
3602	1.335205003
3603	1.33165355
3604	1.332997631
3605	1.334350607
3606	1.328384986
3607	1.329822104
3608	1.329468628
3609	1.326052572
3610	1.327528901
3611	1.329001516
3612	1.328675506
3613	1.325284261
3614	1.326777565
3615	1.328261071
3616	1.32231178
3617	1.319107501
3618	1.320090015
3619	1.317348785
3620	1.318436152
3621	1.320039906
3622	1.317301333
3623	1.318425821
3624	1.32036222
3625	1.319883622
3626	1.321489192
3627	1.323380156
3628	1.325342388
3629	1.327175133
3630	1.326188221
3631	1.327661754
3632	1.329448397
3633	1.331276849
3634	1.333044635
3635	1.334398309
3636	1.336117666
3637	1.33248559
3638	1.33385861
3639	1.335581662
3640	1.33686427
3641	1.338155537
3642	1.339451417
3643	1.340100568
3644	1.341187484
3645	1.3427514
3646	1.343933859
3647	1.344491645
3648	1.3430217
3649	1.344199489
3650	1.344808
3651	1.34626996
3652	1.347075054
3653	1.347626191
3654	1.349029893
3655	1.349563932
3656	1.350893988
3657	1.351874125
3658	1.350229128
3659	1.350941306
3660	1.351426735
3661	1.352732993
3662	1.35375626
3663	1.355013388
3664	1.355436944
3665	1.356645757
3666	1.357835897
3667	1.356970578
3668	1.35277744
3669	1.353683506
3670	1.354909649
3671	1.354134946
3672	1.355357939
3673	1.356221615
3674	1.354519585
3675	1.355107455
3676	1.354104644
3677	1.355007967
3678	1.356203005
3679	1.356550003
3680	1.352351903
3681	1.353234237
3682	1.35413119
3683	1.354548017
3684	1.355437734
3685	1.356611825
3686	1.357775659
3687	1.356906178
3688	1.355169165
3689	1.354200884
3690	1.355087267
3691	1.35412174
3692	1.34756027
3693	1.343676517
3694	1.344760065
3695	1.345814362
3696	1.346876555
3697	1.346099007
3698	1.33982263
3699	1.336154718
3700	1.337406358
3701	1.338649955
3702	1.339114522
3703	1.335857918
3704	1.337118756
3705	1.338337577
3706	1.333655365
3707	1.334970286
3708	1.336260326
3709	1.33681259
3710	1.338072042
3711	1.333422854
3712	1.329947547
3713	1.331330364
3714	1.332711329
3715	1.33406718
3716	1.328158981
3717	1.324792763
3718	1.326306165
3719	1.32605791
3720	1.322768707
3721	1.324318799
3722	1.325847363
3723	1.327383984
3724	1.321635073
3725	1.320561231
3726	1.317424522
3727	1.319139851
3728	1.320857217
3729	1.315294237
3730	1.314418934
3731	1.311476881
3732	1.308979474
3733	1.310899017
3734	1.310193299
3735	1.312121588
3736	1.306797232
3737	1.304090689
3738	1.303585481
3739	1.305651012
3740	1.307710931
3741	1.302492538
3742	1.299906335
3743	1.302148528
3744	1.299890831
3745	1.299513497
3746	1.297059779
3747	1.296800463
3748	1.294723222
3749	1.296979533
3750	1.299230861
3751	1.301472417
3752	1.303699961
3753	1.305894828
3754	1.308076909
3755	1.307521222
3756	1.30924992
3757	1.31132749
3758	1.313406736
3759	1.315467561
3760	1.31472359
3761	1.316312738
3762	1.318232135
3763	1.3183819
3764	1.320333104
3765	1.322262671
3766	1.319787575
3767	1.321253187
3768	1.32317066
3769	1.325063198
3770	1.326708801
3771	1.328000756
3772	1.329602811
3773	1.330879412
3774	1.331871262
3775	1.333679383
3776	1.335153487
3777	1.336891407
3778	1.338308504
3779	1.337029665
3780	1.338720609
3781	1.339768576
3782	1.340579659
3783	1.341870747
3784	1.340794297
3785	1.340354022
3786	1.341949586
3787	1.342714524
3788	1.33883831
3789	1.340153836
3790	1.339740752
3791	1.338768134
3792	1.340089978
3793	1.34108291
3794	1.334675806
3795	1.331032539
3796	1.332492627
3797	1.333902176
3798	1.333431777
3799	1.334887449
3800	1.328720988
3801	1.325252176
3802	1.322270573
3803	1.323896201
3804	1.325494396
3805	1.327095295
3806	1.321203996
3807	1.322884536
3808	1.323708612
3809	1.325338484
3810	1.32194348
3811	1.323621906
3812	1.325258223
3813	1.320746724
3814	1.321717191
3815	1.318487299
3816	1.320404106
3817	1.322069483
3818	1.319180706
3819	1.318233529
3820	1.319997868
3821	1.321712748
3822	1.323424847
3823	1.323408896
3824	1.324873313
3825	1.326497268
3826	1.328411906
3827	1.328277721
3828	1.324824824
3829	1.326459845
3830	1.326380909
3831	1.325388594
3832	1.327315147
3833	1.328634733
3834	1.329571777
3835	1.331413111
3836	1.332380124
3837	1.334134048
3838	1.335877712
3839	1.336770083
3840	1.335554547
3841	1.337261438
3842	1.338336292
3843	1.33204047
3844	1.333475462
3845	1.333037194
3846	1.334475841
3847	1.330840746
3848	1.33065021
3849	1.332435951
3850	1.334212699
3851	1.333396708
3852	1.334814872
3853	1.328699597
3854	1.330201904
3855	1.332029612
3856	1.332704302
3857	1.334122838
3858	1.334925695
3859	1.331326938
3860	1.332765342
3861	1.333632224
3862	1.335364933
3863	1.337078864
3864	1.33815483
3865	1.331940599
3866	1.328452766
3867	1.329947391
3868	1.330707113
3869	1.332154187
3870	1.328668379
3871	1.330183602
3872	1.331674006
3873	1.325680255
3874	1.322386012
3875	1.324009795
3876	1.325632182
3877	1.326604925
3878	1.328161517
3879	1.328928582
3880	1.325547686
3881	1.327139925
3882	1.326495482
3883	1.328074643
3884	1.322199547
3885	1.323149869
3886	1.319954591
3887	1.321033513
3888	1.322920098
3889	1.320072464
3890	1.319177574
3891	1.320887371
3892	1.322791562
3893	1.324672938
3894	1.326242767
3895	1.328147036
3896	1.33001568
3897	1.331504223
3898	1.330403847
3899	1.33185216
3900	1.33330359
3901	1.334914226
3902	1.336635564
3903	1.33800451
3904	1.338714091
3905	1.337415547
3906	1.338743884
3907	1.339531824
3908	1.341135731
3909	1.341892056
3910	1.343445278
3911	1.34436597
3912	1.345584803
3913	1.347059491
3914	1.348462615
3915	1.349874165
3916	1.350357923
3917	1.351685856
3918	1.352678288
3919	1.348537843
3920	1.347921306
3921	1.349301836
3922	1.350358979
3923	1.348784597
3924	1.349569483
3925	1.350099215
3926	1.351444106
3927	1.35250453
3928	1.353798846
3929	1.354257767
3930	1.355485544
3931	1.3567106
3932	1.355882149
3933	1.357074818
3934	1.35288094
3935	1.353788879
3936	1.354266879
3937	1.355180603
3938	1.356383537
3939	1.355567771
3940	1.356768723
3941	1.357607315
3942	1.353362853
3943	1.354018376
3944	1.353066482
3945	1.353988484
3946	1.347376663
3947	1.348440783
3948	1.344462065
3949	1.345586264
3950	1.344852848
3951	1.345994126
3952	1.342471651
3953	1.343585215
3954	1.344087521
3955	1.337834094
3956	1.334215612
3957	1.335529053
3958	1.336835456
3959	1.338082577
3960	1.338551961
3961	1.339834031
3962	1.335026209
3963	1.331488638
3964	1.328456848
3965	1.329874152
3966	1.331284512
3967	1.332703246
3968	1.326789589
3969	1.328279454
3970	1.329128275
3971	1.330585124
3972	1.327117176
3973	1.328632532
3974	1.322842926
3975	1.323722208
3976	1.325281298
3977	1.321975804
3978	1.32350608
3979	1.32529835
3980	1.322058834
3981	1.323616971
3982	1.325203278
3983	1.322284791
3984	1.323909782
3985	1.322968799
3986	1.324786562
3987	1.326367278
3988	1.328231048
3989	1.327579832
3990	1.329049251
3991	1.330526279
3992	1.331800697
3993	1.330457269
3994	1.331916638
3995	1.333377066
3996	1.33494119
3997	1.336492568
3998	1.338028766
3999	1.336717962
4000	1.338035286
4001	1.336757691
4002	1.338293662
4003	1.339572551
4004	1.341162807
4005	1.342602524
4006	1.343789047
4007	1.340537483
4008	1.342002812
4009	1.342867985
4010	1.34435791
4011	1.345491398
4012	1.346929176
4013	1.347968157
4014	1.348389571
4015	1.349758347
4016	1.350175577
4017	1.348606703
4018	1.349965752
4019	1.350661249
4020	1.351106805
4021	1.352082219
4022	1.352500855
4023	1.353771512
4024	1.355011143
4025	1.355385224
4026	1.35120837
4027	1.351861181
4028	1.352808815
4029	1.352051121
4030	1.353318497
4031	1.354246065
4032	1.354544726
4033	1.352865038
4034	1.353498907
4035	1.353914164
4036	1.355134299
4037	1.355738351
4038	1.354719163
4039	1.355607438
4040	1.354593954
4041	1.354879643
4042	1.356076923
4043	1.356929067
4044	1.352663266
4045	1.353318024
4046	1.35254196
4047	1.353797765
4048	1.354717493
4049	1.355050126
4050	1.356219996
4051	1.354454296
4052	1.353496838
4053	1.35439693
4054	1.353441673
4055	1.354623342
4056	1.355835859
4057	1.356116651
4058	1.357285948
4059	1.357545945
4060	1.356540662
4061	1.357719395
4062	1.358229565
4063	1.351533614
4064	1.352459886
4065	1.351159862
4066	1.347164417
4067	1.348171834
4068	1.349165124
4069	1.342792798
4070	1.343913878
4071	1.340107295
4072	1.339529094
4073	1.340709646
4074	1.337021531
4075	1.338248595
4076	1.339467596
4077	1.334740375
4078	1.331614067
4079	1.332943792
4080	1.334276454
4081	1.33501189
4082	1.336295853
4083	1.330325876
4084	1.326931494
4085	1.328377121
4086	1.329817316
4087	1.330514103
4088	1.331902199
4089	1.328448935
4090	1.32991599
4091	1.324110223
4092	1.325635853
4093	1.327150807
4094	1.327879078
4095	1.324532846
4096	1.32605594
4097	1.327579944
4098	1.323174059
4099	1.324734811
4100	1.321476919
4101	1.323110443
4102	1.324006398
4103	1.325548625
4104	1.322617395
4105	1.323571238
4106	1.325130828
4107	1.322215009
4108	1.319060442
4109	1.318162514
4110	1.319866628
4111	1.321569034
4112	1.321587048
4113	1.318466059
4114	1.320362259
4115	1.32147686
4116	1.320940459
4117	1.322831456
4118	1.324700807
4119	1.326227691
4120	1.3252693
4121	1.327095628
4122	1.329009724
4123	1.330771355
4124	1.332506552
4125	1.33141582
4126	1.332778515
4127	1.334535808
4128	1.335856811
4129	1.337546184
4130	1.339114386
4131	1.335428353
4132	1.336729056
4133	1.338026027
4134	1.33964896
4135	1.341246333
4136	1.342784145
4137	1.343963546
4138	1.345046145
4139	1.346140376
4140	1.346603703
4141	1.34802469
4142	1.348483397
4143	1.34694053
4144	1.347696346
4145	1.348191246
4146	1.349564842
4147	1.350290087
4148	1.350752098
4149	1.352072525
4150	1.352521963
4151	1.353468143
4152	1.351785529
4153	1.352455534
4154	1.35170198
4155	1.35298692
4156	1.353415015
4157	1.35466485
4158	1.355630009
4159	1.356822908
4160	1.357654456
4161	1.353369298
4162	1.353999167
4163	1.353212001
4164	1.354146248
4165	1.35535
4166	1.35569893
4167	1.351490654
4168	1.352450209
4169	1.351710029
4170	1.352969102
4171	1.35421075
4172	1.355069101
4173	1.354077379
4174	1.354982813
4175	1.355245852
4176	1.351056089
4177	1.352319554
4178	1.353581455
4179	1.354186422
4180	1.354510938
4181	1.355726583
4182	1.356308761
4183	1.349602333
4184	1.350936058
4185	1.351389635
4186	1.347375249
4187	1.348366599
4188	1.349382944
4189	1.342951749
4190	1.344061743
4191	1.345164858
4192	1.344027671
4193	1.340212534
4194	1.341404218
4195	1.340916618
4196	1.337214303
4197	1.336331362
4198	1.337584066
4199	1.338589446
4200	1.332505064
4201	1.333841257
4202	1.335168416
4203	1.335658982
4204	1.336948713
4205	1.330775134
4206	1.327329953
4207	1.328785803
4208	1.329472307
4209	1.330888443
4210	1.331549583
4211	1.328127709
4212	1.329555949
4213	1.330969442
4214	1.332390546
4215	1.327835443
4216	1.329288641
4217	1.330730424
4218	1.326246888
4219	1.32296494
4220	1.321944658
4221	1.31917258
4222	1.320827154
4223	1.322485049
4224	1.322332393
4225	1.32331284
4226	1.320166187
4227	1.319296583
4228	1.316607279
4229	1.318359974
4230	1.320079795
4231	1.321796648
4232	1.316140523
4233	1.315365615
4234	1.317186995
4235	1.311688583
4236	1.3136896
4237	1.315678878
4238	1.3127373
4239	1.312067366
4240	1.30927553
4241	1.308740776
4242	1.306081681
4243	1.308060348
4244	1.310011524
4245	1.311958886
4246	1.31389834
4247	1.315826258
4248	1.316002106
4249	1.317934644
4250	1.319852631
4251	1.317468455
4252	1.31941847
4253	1.321348125
4254	1.322729001
4255	1.324395676
4256	1.326356176
4257	1.327970413
4258	1.32694572
4259	1.328261458
4260	1.329578743
4261	1.329404971
4262	1.331250302
4263	1.332214661
4264	1.334001412
4265	1.33546056
4266	1.336865372
4267	1.335590652
4268	1.337042337
4269	1.338712103
4270	1.339551167
4271	1.335809216
4272	1.337181483
4273	1.336273991
4274	1.337610491
4275	1.331341038
4276	1.333131439
4277	1.334566983
4278	1.328431705
4279	1.329947872
4280	1.331594343
4281	1.328072784
4282	1.329588553
4283	1.33108924
4284	1.330705389
4285	1.327203354
4286	1.328764426
4287	1.330268721
4288	1.331133264
4289	1.327641955
4290	1.329201829
4291	1.328490953
4292	1.330016632
4293	1.330996099
4294	1.332488556
4295	1.332254559
4296	1.33400417
4297	1.330401385
4298	1.331852533
4299	1.333068493
4300	1.326966705
4301	1.327767227
4302	1.324362035
4303	1.325306966
4304	1.327082722
4305	1.326431664
4306	1.328204418
4307	1.329954132
4308	1.331403754
4309	1.333181163
4310	1.329623453
4311	1.331037182
4312	1.332485186
4313	1.334230105
4314	1.335577869
4315	1.33723986
4316	1.338838241
4317	1.340443351
4318	1.341649394
4319	1.342216399
4320	1.343752974
4321	1.344311599
4322	1.340416899
4323	1.341657528
4324	1.342865844
4325	1.343472117
4326	1.344944994
4327	1.346408983
4328	1.34700179
4329	1.348420546
4330	1.348992084
4331	1.347453118
4332	1.348233675
4333	1.349386118
4334	1.350405589
4335	1.350943066
4336	1.352249946
4337	1.353535168
4338	1.354463768
4339	1.35366662
4340	1.354898931
4341	1.350690895
4342	1.351689123
4343	1.352383184
4344	1.351632711
4345	1.350001723
4346	1.349141404
4347	1.350178179
4348	1.349313938
4349	1.350610596
4350	1.35192348
4351	1.352608307
4352	1.347392002
4353	1.348787252
4354	1.349075382
4355	1.345144415
4356	1.346198419
4357	1.347271873
4358	1.340878897
4359	1.342052368
4360	1.342491157
4361	1.338764002
4362	1.33996453
4363	1.341177254
4364	1.335002252
4365	1.336307902
4366	1.332725557
4367	1.33407914
4368	1.335421597
4369	1.335987673
4370	1.337297641
4371	1.331228752
4372	1.327790344
4373	1.32483965
4374	1.326338239
4375	1.327847609
4376	1.328734745
4377	1.330180381
4378	1.331033662
4379	1.327622069
4380	1.329086184
4381	1.330569841
4382	1.324684088
4383	1.325551084
4384	1.322303882
4385	1.32132065
4386	1.31854842
4387	1.319666231
4388	1.318925417
4389	1.320823785
4390	1.322703779
4391	1.322203148
4392	1.321292582
4393	1.323290318
4394	1.325140186
4395	1.326645323
4396	1.323414567
4397	1.324972567
4398	1.3268924
4399	1.328782641
4400	1.330524603
4401	1.32953435
4402	1.330759067
4403	1.332155855
4404	1.333507046
4405	1.334869082
4406	1.33623757
4407	1.337608582
4408	1.338705789
4409	1.339432887
4410	1.340839973
4411	1.34208459
4412	1.343090045
4413	1.344436037
4414	1.345592616
4415	1.341568514
4416	1.342793613
4417	1.341661268
4418	1.343044047
4419	1.344229053
4420	1.345678531
4421	1.344147667
4422	1.345256024
4423	1.346392813
4424	1.346814827
4425	1.347630334
4426	1.348032336
4427	1.349381166
4428	1.349848482
4429	1.35116313
4430	1.352181845
4431	1.353454347
4432	1.354694725
4433	1.355072262
4434	1.350858168
4435	1.351823405
4436	1.351093313
4437	1.352382238
4438	1.353645251
4439	1.354286509
4440	1.354665179
4441	1.355558583
4442	1.356731956
4443	1.352440152
4444	1.35311552
4445	1.352328686
4446	1.353283739
4447	1.351560454
4448	1.350641816
4449	1.349765797
4450	1.350760808
4451	1.351123217
4452	1.352401584
4453	1.353341915
4454	1.354567403
4455	1.353214331
4456	1.354414564
4457	1.355624919
4458	1.356207678
4459	1.3562517
4460	1.357092941
4461	1.355302555
4462	1.355585746
4463	1.356767073
4464	1.357318484
4465	1.350592529
4466	1.351894693
4467	1.352079226
4468	1.348067907
4469	1.349035334
4470	1.350034051
4471	1.34359486
4472	1.344683361
4473	1.345185933
4474	1.341380857
4475	1.342508929
4476	1.343406059
4477	1.337199342
4478	1.338439786
4479	1.339671798
4480	1.340069841
4481	1.336359419
4482	1.337615375
4483	1.338116976
4484	1.334513959
4485	1.33579182
4486	1.337056875
4487	1.331033295
4488	1.332406509
4489	1.329301228
4490	1.33071545
4491	1.331500577
4492	1.33286963
4493	1.328334987
4494	1.329769121
4495	1.326364041
4496	1.327840173
4497	1.327550415
4498	1.324225968
4499	1.325750251
4500	1.327254354
4501	1.328764135
4502	1.324298643
4503	1.325184906
4504	1.321954785
4505	1.320993374
4506	1.31823947
4507	1.315585637
4508	1.314832807
4509	1.316586612
4510	1.318341364
4511	1.320092865
4512	1.314472985
4513	1.316405216
4514	1.313449694
4515	1.312747253
4516	1.314299515
4517	1.316141192
4518	1.317975737
4519	1.318080517
4520	1.319954141
4521	1.319092111
4522	1.320969842
4523	1.322381686
4524	1.324208306
4525	1.325797419
4526	1.327714661
4527	1.32929564
4528	1.329145301
4529	1.328115845
4530	1.329976159
4531	1.331224939
4532	1.332762796
4533	1.334205332
4534	1.330632253
4535	1.331869514
4536	1.325764744
4537	1.327504062
4538	1.329056064
4539	1.325625603
4540	1.327224101
4541	1.326530796
4542	1.328112474
4543	1.329796685
4544	1.331314073
4545	1.330195159
4546	1.330012185
4547	1.331668761
4548	1.330589372
4549	1.332029219
4550	1.333488241
4551	1.334878371
4552	1.335701211
4553	1.337214272
4554	1.333810256
4555	1.335219655
4556	1.336901182
4557	1.338254052
4558	1.339863996
4559	1.338520995
4560	1.339181041
4561	1.34062813
4562	1.341829253
4563	1.343053301
4564	1.344555151
4565	1.345426745
4566	1.345650415
4567	1.341642639
4568	1.34281345
4569	1.343344423
4570	1.344483366
4571	1.344987174
4572	1.346438217
4573	1.347513304
4574	1.347780505
4575	1.348843338
4576	1.349350473
4577	1.350696985
4578	1.352020194
4579	1.352976661
4580	1.351648821
4581	1.347513298
4582	1.348276214
4583	1.348702573
4584	1.349734351
4585	1.351057081
4586	1.350162682
4587	1.351162431
4588	1.347046279
4589	1.348067141
4590	1.348593441
4591	1.349631137
4592	1.350940923
4593	1.351309773
4594	1.347247613
4595	1.348306445
4596	1.349059019
4597	1.348375134
4598	1.349705799
4599	1.351018634
4600	1.351478698
4601	1.349867699
4602	1.350825195
4603	1.349946649
4604	1.349107771
4605	1.350109533
4606	1.343631293
4607	1.339819667
4608	1.341002352
4609	1.340385494
4610	1.341894506
4611	1.343051247
4612	1.344523354
4613	1.340697964
4614	1.341828536
4615	1.342972513
4616	1.344090952
4617	1.33917782
4618	1.340747312
4619	1.341944048
4620	1.337159987
4621	1.33878228
4622	1.339475824
4623	1.341050314
4624	1.341998347
4625	1.335818799
4626	1.332273186
4627	1.333609627
4628	1.334938512
4629	1.335535774
4630	1.33200634
4631	1.33335188
4632	1.334718123
4633	1.335479296
4634	1.33677406
4635	1.330749177
4636	1.327346986
4637	1.328808112
4638	1.328503605
4639	1.325181024
4640	1.32668255
4641	1.328174026
4642	1.329642802
4643	1.330357988
4644	1.326967722
4645	1.328446799
4646	1.329935454
4647	1.324073911
4648	1.325635803
4649	1.326440482
4650	1.323507793
4651	1.325068629
4652	1.326635509
4653	1.32224692
4654	1.321220335
4655	1.318111202
4656	1.315451664
4657	1.317218673
4658	1.316379483
4659	1.318157127
4660	1.312650582
4661	1.309807104
4662	1.309184962
4663	1.311112051
4664	1.31303396
4665	1.307661843
4666	1.30495867
4667	1.304471064
4668	1.302168231
4669	1.304265117
4670	1.306354939
4671	1.308433533
4672	1.303151977
4673	1.302696819
4674	1.300133656
4675	1.30233665
4676	1.304526042
4677	1.299346876
4678	1.301601722
4679	1.299047003
4680	1.298724001
4681	1.296289424
4682	1.293946329
4683	1.292256916
4684	1.294554173
4685	1.29689796
4686	1.299226787
4687	1.301536727
4688	1.302052759
4689	1.304308124
4690	1.302349902
4691	1.304632855
4692	1.306462493
4693	1.308684229
4694	1.308088641
4695	1.310297387
4696	1.31201232
4697	1.309839655
4698	1.311883649
4699	1.313631209
4700	1.315082882
4701	1.317129098
4702	1.319150034
4703	1.321143308
4704	1.317907777
4705	1.317047041
4706	1.318588213
4707	1.3204014
4708	1.322364595
4709	1.324050679
4710	1.325733261
4711	1.327140112
4712	1.328792427
4713	1.328630873
4714	1.330515689
4715	1.331522053
4716	1.333343669
4717	1.334827723
4718	1.33657711
4719	1.337470638
4720	1.336196665
4721	1.337609454
4722	1.339019664
4723	1.338036329
4724	1.339104033
4725	1.338689914
4726	1.340321708
4727	1.341640754
4728	1.335135814
4729	1.331446655
4730	1.332927629
4731	1.332670059
4732	1.329080414
4733	1.330642763
4734	1.332105094
4735	1.331873466
4736	1.330778124
4737	1.332570916
4738	1.333796943
4739	1.327630668
4740	1.329207653
4741	1.328841138
4742	1.325355803
4743	1.326967326
4744	1.327883797
4745	1.329447882
4746	1.323474961
4747	1.320506627
4748	1.322222307
4749	1.323083187
4750	1.319815724
4751	1.321527211
4752	1.323163922
4753	1.324804478
4754	1.320320506
4755	1.322037149
4756	1.323736019
4757	1.324564448
4758	1.321234337
4759	1.322929866
4760	1.322901514
4761	1.319977755
4762	1.32171711
4763	1.32339006
4764	1.318942242
4765	1.3158036
4766	1.316943634
4767	1.318695424
4768	1.315912195
4769	1.31772327
4770	1.319508391
4771	1.321243751
4772	1.322342667
4773	1.322362688
4774	1.324031797
4775	1.325089824
4776	1.327039979
4777	1.321114891
4778	1.322822791
4779	1.319522322
4780	1.321266834
4781	1.323003676
4782	1.322477911
4783	1.319214975
4784	1.320994341
4785	1.322110923
4786	1.321261582
4787	1.322731181
4788	1.316941714
4789	1.318728895
4790	1.320497227
4791	1.320367179
4792	1.317141286
4793	1.318930487
4794	1.320669688
4795	1.316285721
4796	1.318099934
4797	1.318041962
4798	1.315247615
4799	1.317074277
4800	1.318864473
4801	1.314547592
4802	1.315697191
4803	1.312651249
4804	1.311918669
4805	1.309352411
4806	1.306885017
4807	1.308319435
4808	1.310507043
4809	1.312106359
4810	1.313488147
4811	1.315598388
4812	1.317678489
4813	1.319787277
4814	1.321861847
4815	1.323939823
4816	1.325934478
4817	1.324985896
4818	1.326570514
4819	1.328511648
4820	1.330029792
4821	1.33154615
4822	1.331339505
4823	1.333173604
4824	1.332931392
4825	1.331776327
4826	1.333266721
4827	1.334716964
4828	1.334436339
4829	1.33617785
4830	1.337052256
4831	1.338702243
4832	1.340346322
4833	1.341141102
4834	1.342709403
4835	1.344259293
4836	1.345523725
4837	1.341612533
4838	1.342851643
4839	1.342377967
4840	1.343896222
4841	1.345389194
4842	1.346557779
4843	1.345081452
4844	1.345955325
4845	1.346597814
4846	1.34803451
4847	1.349194977
4848	1.350575494
4849	1.351134655
4850	1.352453587
4851	1.353757501
4852	1.352996154
4853	1.348897644
4854	1.349956156
4855	1.351288729
4856	1.352263666
4857	1.352778852
4858	1.354067334
4859	1.355092837
4860	1.35343654
4861	1.354383269
4862	1.355029673
4863	1.348303995
4864	1.344685767
4865	1.345804636
4866	1.345074811
4867	1.346194177
4868	1.345615891
4869	1.347014051
4870	1.343115746
4871	1.344264987
4872	1.345375698
4873	1.339037579
4874	1.340629163
4875	1.341860963
4876	1.342261844
4877	1.338510179
4878	1.339767288
4879	1.34098811
4880	1.33480338
4881	1.336162022
4882	1.336689979
4883	1.333102878
4884	1.33447884
4885	1.335815477
4886	1.331154372
4887	1.332579614
4888	1.332184601
4889	1.328731204
4890	1.330199813
4891	1.331671715
4892	1.328568156
4893	1.330034984
4894	1.33086819
4895	1.327456094
4896	1.328987944
4897	1.330479425
4898	1.324573704
4899	1.321336938
4900	1.32229708
4901	1.323879779
4902	1.323308072
4903	1.32425311
4904	1.326042148
4905	1.325442907
4906	1.326963667
4907	1.328507892
4908	1.330343731
4909	1.332012611
4910	1.33366482
4911	1.330106352
4912	1.331570647
4913	1.333320345
4914	1.334957469
4915	1.333776445
4916	1.335154503
4917	1.336831668
4918	1.338492445
4919	1.340109543
4920	1.341305427
4921	1.342510828
4922	1.343071701
4923	1.3445965
4924	1.345147147
4925	1.346623683
4926	1.347160909
4927	1.343244569
4928	1.344116513
4929	1.345286406
4930	1.345846221
4931	1.347265984
4932	1.34837153
4933	1.348895461
4934	1.347360444
4935	1.348146899
4936	1.348948801
4937	1.349458701
4938	1.350810867
4939	1.350117626
4940	1.351454663
4941	1.351932379
4942	1.352920393
4943	1.354161066
4944	1.349965151
4945	1.351056356
4946	1.352049931
4947	1.353314417
4948	1.354560447
4949	1.35543352
4950	1.355513921
4951	1.353805104
4952	1.354431386
4953	1.353457759
4954	1.354348952
4955	1.354649674
4956	1.353851171
4957	1.354741904
4958	1.34809431
4959	1.344127953
4960	1.345230817
4961	1.344506733
4962	1.345607973
4963	1.344875573
4964	1.346255069
4965	1.342380895
4966	1.343502606
4967	1.344588887
4968	1.34509763
4969	1.346175684
4970	1.341232724
4971	1.34239499
4972	1.33863862
4973	1.339844909
4974	1.339270939
4975	1.340472159
4976	1.334339258
4977	1.330829646
4978	1.332203895
4979	1.333569986
4980	1.333141686
4981	1.330034364
4982	1.331438203
4983	1.332789841
4984	1.334153423
4985	1.329497467
4986	1.330926739
4987	1.331589206
4988	1.332976609
4989	1.326939622
4990	1.323605416
4991	1.325152723
4992	1.321882189
4993	1.323466731
4994	1.32503565
4995	1.325857155
4996	1.327386018
4997	1.324040107
4998	1.325629825
4999	1.319890456
